[
  {
    "pk": 2, 
    "model": "app.player", 
    "fields": {
      "rating": 952, 
      "event_seconds": 2, 
      "race_seconds": 35, 
      "name": "Adam", 
      "form": 6.7000000000000002, 
      "event_thirds": 4, 
      "average": 7.2279411764705879, 
      "event_firsts": 8, 
      "points": 983, 
      "race_firsts": 33, 
      "avatar": "images/avatars/wario.png", 
      "active": true, 
      "race_thirds": 35, 
      "race_count": 136, 
      "race_fourths": 33, 
      "event_fourths": 3
    }
  }, 
  {
    "pk": 3, 
    "model": "app.player", 
    "fields": {
      "rating": 1079, 
      "event_seconds": 4, 
      "race_seconds": 26, 
      "name": "Andy", 
      "form": 7.4874999999999998, 
      "event_thirds": 3, 
      "average": 7.53125, 
      "event_firsts": 2, 
      "points": 723, 
      "race_firsts": 25, 
      "avatar": "images/avatars/mario.png", 
      "active": true, 
      "race_thirds": 23, 
      "race_count": 96, 
      "race_fourths": 22, 
      "event_fourths": 3
    }
  }, 
  {
    "pk": 4, 
    "model": "app.player", 
    "fields": {
      "rating": 1081, 
      "event_seconds": 5, 
      "race_seconds": 33, 
      "name": "Anton", 
      "form": 7.9625000000000004, 
      "event_thirds": 9, 
      "average": 7.671875, 
      "event_firsts": 2, 
      "points": 982, 
      "race_firsts": 34, 
      "avatar": "images/avatars/boo.png", 
      "active": true, 
      "race_thirds": 38, 
      "race_count": 128, 
      "race_fourths": 23, 
      "event_fourths": 0
    }
  }, 
  {
    "pk": 7, 
    "model": "app.player", 
    "fields": {
      "rating": 1000, 
      "event_seconds": 0, 
      "race_seconds": 0, 
      "name": "David", 
      "form": 0.0, 
      "event_thirds": 0, 
      "average": 0.0, 
      "event_firsts": 0, 
      "points": 0, 
      "race_firsts": 0, 
      "avatar": "images/avatars/diddy_1.png", 
      "active": false, 
      "race_thirds": 0, 
      "race_count": 0, 
      "race_fourths": 0, 
      "event_fourths": 2
    }
  }, 
  {
    "pk": 1, 
    "model": "app.player", 
    "fields": {
      "rating": 1146, 
      "event_seconds": 7, 
      "race_seconds": 41, 
      "name": "Martin", 
      "form": 8.8625000000000007, 
      "event_thirds": 2, 
      "average": 8.5277777777777786, 
      "event_firsts": 6, 
      "points": 1228, 
      "race_firsts": 48, 
      "avatar": "images/avatars/bowser.png", 
      "active": true, 
      "race_thirds": 28, 
      "race_count": 144, 
      "race_fourths": 27, 
      "event_fourths": 3
    }
  }, 
  {
    "pk": 8, 
    "model": "app.player", 
    "fields": {
      "rating": 1000, 
      "event_seconds": 0, 
      "race_seconds": 0, 
      "name": "Simon", 
      "form": 0.0, 
      "event_thirds": 0, 
      "average": 0.0, 
      "event_firsts": 0, 
      "points": 0, 
      "race_firsts": 0, 
      "avatar": "images/avatars/yoshi.png", 
      "active": true, 
      "race_thirds": 0, 
      "race_count": 0, 
      "race_fourths": 0, 
      "event_fourths": 0
    }
  }, 
  {
    "pk": 5, 
    "model": "app.player", 
    "fields": {
      "rating": 1000, 
      "event_seconds": 0, 
      "race_seconds": 0, 
      "name": "Stuart", 
      "form": 0.0, 
      "event_thirds": 0, 
      "average": 0.0, 
      "event_firsts": 0, 
      "points": 0, 
      "race_firsts": 0, 
      "avatar": "images/avatars/funky.png", 
      "active": false, 
      "race_thirds": 0, 
      "race_count": 0, 
      "race_fourths": 0, 
      "event_fourths": 0
    }
  }, 
  {
    "pk": 6, 
    "model": "app.player", 
    "fields": {
      "rating": 742, 
      "event_seconds": 0, 
      "race_seconds": 9, 
      "name": "Wyndham", 
      "form": 3.6111111111111112, 
      "event_thirds": 0, 
      "average": 3.6111111111111112, 
      "event_firsts": 0, 
      "points": 260, 
      "race_firsts": 4, 
      "avatar": "images/avatars/diddy.png", 
      "active": true, 
      "race_thirds": 20, 
      "race_count": 72, 
      "race_fourths": 39, 
      "event_fourths": 9
    }
  }, 
  {
    "pk": 11, 
    "model": "app.track", 
    "fields": {
      "name": "Bowser Castle N64"
    }
  }, 
  {
    "pk": 9, 
    "model": "app.track", 
    "fields": {
      "name": "Bowser's Castle"
    }
  }, 
  {
    "pk": 10, 
    "model": "app.track", 
    "fields": {
      "name": "Bowser's Castle 3"
    }
  }, 
  {
    "pk": 19, 
    "model": "app.track", 
    "fields": {
      "name": "Coconut Mall"
    }
  }, 
  {
    "pk": 20, 
    "model": "app.track", 
    "fields": {
      "name": "DK Mountain"
    }
  }, 
  {
    "pk": 14, 
    "model": "app.track", 
    "fields": {
      "name": "DK's Jungle Parkway"
    }
  }, 
  {
    "pk": 13, 
    "model": "app.track", 
    "fields": {
      "name": "DK's Snowboard Cross"
    }
  }, 
  {
    "pk": 5, 
    "model": "app.track", 
    "fields": {
      "name": "Daisy Circuit"
    }
  }, 
  {
    "pk": 32, 
    "model": "app.track", 
    "fields": {
      "name": "Delfino Square"
    }
  }, 
  {
    "pk": 26, 
    "model": "app.track", 
    "fields": {
      "name": "Desert Hills"
    }
  }, 
  {
    "pk": 27, 
    "model": "app.track", 
    "fields": {
      "name": "Dry Dry Ruins"
    }
  }, 
  {
    "pk": 18, 
    "model": "app.track", 
    "fields": {
      "name": "Ghost Valley"
    }
  }, 
  {
    "pk": 31, 
    "model": "app.track", 
    "fields": {
      "name": "Grumble Volcano"
    }
  }, 
  {
    "pk": 30, 
    "model": "app.track", 
    "fields": {
      "name": "Koopa Cape"
    }
  }, 
  {
    "pk": 12, 
    "model": "app.track", 
    "fields": {
      "name": "Luigi Circuit"
    }
  }, 
  {
    "pk": 22, 
    "model": "app.track", 
    "fields": {
      "name": "Maple Treeway"
    }
  }, 
  {
    "pk": 1, 
    "model": "app.track", 
    "fields": {
      "name": "Mario Circuit"
    }
  }, 
  {
    "pk": 3, 
    "model": "app.track", 
    "fields": {
      "name": "Mario Circuit 3"
    }
  }, 
  {
    "pk": 2, 
    "model": "app.track", 
    "fields": {
      "name": "Mario Circuit GCN"
    }
  }, 
  {
    "pk": 4, 
    "model": "app.track", 
    "fields": {
      "name": "Mario Raceway"
    }
  }, 
  {
    "pk": 25, 
    "model": "app.track", 
    "fields": {
      "name": "Moo Moo Meadows"
    }
  }, 
  {
    "pk": 16, 
    "model": "app.track", 
    "fields": {
      "name": "Moonview Highway"
    }
  }, 
  {
    "pk": 24, 
    "model": "app.track", 
    "fields": {
      "name": "Mushroom Gorge"
    }
  }, 
  {
    "pk": 7, 
    "model": "app.track", 
    "fields": {
      "name": "Peach Beach"
    }
  }, 
  {
    "pk": 6, 
    "model": "app.track", 
    "fields": {
      "name": "Peach Gardens"
    }
  }, 
  {
    "pk": 15, 
    "model": "app.track", 
    "fields": {
      "name": "Rainbow Road"
    }
  }, 
  {
    "pk": 23, 
    "model": "app.track", 
    "fields": {
      "name": "Sherbet Land"
    }
  }, 
  {
    "pk": 8, 
    "model": "app.track", 
    "fields": {
      "name": "Shy Guy Beach"
    }
  }, 
  {
    "pk": 29, 
    "model": "app.track", 
    "fields": {
      "name": "Toad's Factory"
    }
  }, 
  {
    "pk": 28, 
    "model": "app.track", 
    "fields": {
      "name": "Waluigi Stadium"
    }
  }, 
  {
    "pk": 21, 
    "model": "app.track", 
    "fields": {
      "name": "Wario's Gold Mine"
    }
  }, 
  {
    "pk": 17, 
    "model": "app.track", 
    "fields": {
      "name": "Yoshi Falls"
    }
  }, 
  {
    "pk": 589, 
    "model": "app.king", 
    "fields": {
      "track": 11, 
      "player": 3, 
      "average": 9.3333333333333339, 
      "race_count": 3
    }
  }, 
  {
    "pk": 576, 
    "model": "app.king", 
    "fields": {
      "track": 9, 
      "player": 4, 
      "average": 15.0, 
      "race_count": 1
    }
  }, 
  {
    "pk": 580, 
    "model": "app.king", 
    "fields": {
      "track": 10, 
      "player": 1, 
      "average": 15.0, 
      "race_count": 2
    }
  }, 
  {
    "pk": 598, 
    "model": "app.king", 
    "fields": {
      "track": 19, 
      "player": 2, 
      "average": 8.8333333333333339, 
      "race_count": 6
    }
  }, 
  {
    "pk": 573, 
    "model": "app.king", 
    "fields": {
      "track": 20, 
      "player": 2, 
      "average": 15.0, 
      "race_count": 3
    }
  }, 
  {
    "pk": 535, 
    "model": "app.king", 
    "fields": {
      "track": 14, 
      "player": 1, 
      "average": 15.0, 
      "race_count": 2
    }
  }, 
  {
    "pk": 524, 
    "model": "app.king", 
    "fields": {
      "track": 13, 
      "player": 2, 
      "average": 15.0, 
      "race_count": 1
    }
  }, 
  {
    "pk": 525, 
    "model": "app.king", 
    "fields": {
      "track": 13, 
      "player": 3, 
      "average": 15.0, 
      "race_count": 1
    }
  }, 
  {
    "pk": 595, 
    "model": "app.king", 
    "fields": {
      "track": 5, 
      "player": 1, 
      "average": 12.0, 
      "race_count": 4
    }
  }, 
  {
    "pk": 575, 
    "model": "app.king", 
    "fields": {
      "track": 32, 
      "player": 4, 
      "average": 11.0, 
      "race_count": 3
    }
  }, 
  {
    "pk": 600, 
    "model": "app.king", 
    "fields": {
      "track": 26, 
      "player": 2, 
      "average": 10.0, 
      "race_count": 4
    }
  }, 
  {
    "pk": 490, 
    "model": "app.king", 
    "fields": {
      "track": 27, 
      "player": 2, 
      "average": 11.0, 
      "race_count": 3
    }
  }, 
  {
    "pk": 590, 
    "model": "app.king", 
    "fields": {
      "track": 18, 
      "player": 3, 
      "average": 8.3333333333333339, 
      "race_count": 3
    }
  }, 
  {
    "pk": 514, 
    "model": "app.king", 
    "fields": {
      "track": 31, 
      "player": 3, 
      "average": 9.5, 
      "race_count": 2
    }
  }, 
  {
    "pk": 517, 
    "model": "app.king", 
    "fields": {
      "track": 30, 
      "player": 1, 
      "average": 10.6, 
      "race_count": 5
    }
  }, 
  {
    "pk": 577, 
    "model": "app.king", 
    "fields": {
      "track": 12, 
      "player": 3, 
      "average": 15.0, 
      "race_count": 2
    }
  }, 
  {
    "pk": 578, 
    "model": "app.king", 
    "fields": {
      "track": 12, 
      "player": 6, 
      "average": 15.0, 
      "race_count": 2
    }
  }, 
  {
    "pk": 548, 
    "model": "app.king", 
    "fields": {
      "track": 22, 
      "player": 3, 
      "average": 15.0, 
      "race_count": 2
    }
  }, 
  {
    "pk": 570, 
    "model": "app.king", 
    "fields": {
      "track": 1, 
      "player": 4, 
      "average": 10.333333333333334, 
      "race_count": 3
    }
  }, 
  {
    "pk": 581, 
    "model": "app.king", 
    "fields": {
      "track": 3, 
      "player": 2, 
      "average": 11.0, 
      "race_count": 3
    }
  }, 
  {
    "pk": 593, 
    "model": "app.king", 
    "fields": {
      "track": 2, 
      "player": 3, 
      "average": 9.0, 
      "race_count": 3
    }
  }, 
  {
    "pk": 583, 
    "model": "app.king", 
    "fields": {
      "track": 4, 
      "player": 2, 
      "average": 12.166666666666666, 
      "race_count": 6
    }
  }, 
  {
    "pk": 569, 
    "model": "app.king", 
    "fields": {
      "track": 25, 
      "player": 4, 
      "average": 9.4000000000000004, 
      "race_count": 5
    }
  }, 
  {
    "pk": 592, 
    "model": "app.king", 
    "fields": {
      "track": 16, 
      "player": 1, 
      "average": 8.1428571428571423, 
      "race_count": 7
    }
  }, 
  {
    "pk": 588, 
    "model": "app.king", 
    "fields": {
      "track": 24, 
      "player": 2, 
      "average": 10.0, 
      "race_count": 5
    }
  }, 
  {
    "pk": 542, 
    "model": "app.king", 
    "fields": {
      "track": 7, 
      "player": 2, 
      "average": 10.4, 
      "race_count": 5
    }
  }, 
  {
    "pk": 540, 
    "model": "app.king", 
    "fields": {
      "track": 6, 
      "player": 1, 
      "average": 12.0, 
      "race_count": 2
    }
  }, 
  {
    "pk": 541, 
    "model": "app.king", 
    "fields": {
      "track": 15, 
      "player": 1, 
      "average": 12.0, 
      "race_count": 4
    }
  }, 
  {
    "pk": 594, 
    "model": "app.king", 
    "fields": {
      "track": 23, 
      "player": 1, 
      "average": 10.75, 
      "race_count": 4
    }
  }, 
  {
    "pk": 494, 
    "model": "app.king", 
    "fields": {
      "track": 8, 
      "player": 4, 
      "average": 15.0, 
      "race_count": 1
    }
  }, 
  {
    "pk": 596, 
    "model": "app.king", 
    "fields": {
      "track": 29, 
      "player": 4, 
      "average": 10.375, 
      "race_count": 8
    }
  }, 
  {
    "pk": 597, 
    "model": "app.king", 
    "fields": {
      "track": 28, 
      "player": 3, 
      "average": 12.0, 
      "race_count": 2
    }
  }, 
  {
    "pk": 599, 
    "model": "app.king", 
    "fields": {
      "track": 21, 
      "player": 1, 
      "average": 9.2857142857142865, 
      "race_count": 7
    }
  }, 
  {
    "pk": 586, 
    "model": "app.king", 
    "fields": {
      "track": 17, 
      "player": 3, 
      "average": 12.25, 
      "race_count": 4
    }
  }, 
  {
    "pk": 548, 
    "model": "app.eventresult", 
    "fields": {
      "fourths": 1, 
      "seconds": 2, 
      "rank": 0, 
      "player": 1, 
      "points": 83, 
      "firsts": 4, 
      "thirds": 1, 
      "event": 137
    }
  }, 
  {
    "pk": 547, 
    "model": "app.eventresult", 
    "fields": {
      "fourths": 1, 
      "seconds": 1, 
      "rank": 1, 
      "player": 4, 
      "points": 67, 
      "firsts": 3, 
      "thirds": 3, 
      "event": 137
    }
  }, 
  {
    "pk": 546, 
    "model": "app.eventresult", 
    "fields": {
      "fourths": 2, 
      "seconds": 4, 
      "rank": 2, 
      "player": 3, 
      "points": 57, 
      "firsts": 1, 
      "thirds": 1, 
      "event": 137
    }
  }, 
  {
    "pk": 545, 
    "model": "app.eventresult", 
    "fields": {
      "fourths": 4, 
      "seconds": 1, 
      "rank": 3, 
      "player": 2, 
      "points": 25, 
      "firsts": 0, 
      "thirds": 3, 
      "event": 137
    }
  }, 
  {
    "pk": 541, 
    "model": "app.eventresult", 
    "fields": {
      "fourths": 1, 
      "seconds": 1, 
      "rank": 0, 
      "player": 2, 
      "points": 78, 
      "firsts": 4, 
      "thirds": 2, 
      "event": 136
    }
  }, 
  {
    "pk": 542, 
    "model": "app.eventresult", 
    "fields": {
      "fourths": 2, 
      "seconds": 3, 
      "rank": 1, 
      "player": 3, 
      "points": 74, 
      "firsts": 3, 
      "thirds": 0, 
      "event": 136
    }
  }, 
  {
    "pk": 543, 
    "model": "app.eventresult", 
    "fields": {
      "fourths": 2, 
      "seconds": 1, 
      "rank": 2, 
      "player": 4, 
      "points": 42, 
      "firsts": 1, 
      "thirds": 4, 
      "event": 136
    }
  }, 
  {
    "pk": 544, 
    "model": "app.eventresult", 
    "fields": {
      "fourths": 3, 
      "seconds": 3, 
      "rank": 3, 
      "player": 1, 
      "points": 38, 
      "firsts": 0, 
      "thirds": 2, 
      "event": 136
    }
  }, 
  {
    "pk": 538, 
    "model": "app.eventresult", 
    "fields": {
      "fourths": 0, 
      "seconds": 2, 
      "rank": 0, 
      "player": 4, 
      "points": 86, 
      "firsts": 4, 
      "thirds": 2, 
      "event": 135
    }
  }, 
  {
    "pk": 539, 
    "model": "app.eventresult", 
    "fields": {
      "fourths": 2, 
      "seconds": 2, 
      "rank": 1, 
      "player": 1, 
      "points": 69, 
      "firsts": 3, 
      "thirds": 1, 
      "event": 135
    }
  }, 
  {
    "pk": 537, 
    "model": "app.eventresult", 
    "fields": {
      "fourths": 2, 
      "seconds": 3, 
      "rank": 2, 
      "player": 2, 
      "points": 41, 
      "firsts": 0, 
      "thirds": 3, 
      "event": 135
    }
  }, 
  {
    "pk": 540, 
    "model": "app.eventresult", 
    "fields": {
      "fourths": 4, 
      "seconds": 1, 
      "rank": 3, 
      "player": 6, 
      "points": 36, 
      "firsts": 1, 
      "thirds": 2, 
      "event": 135
    }
  }, 
  {
    "pk": 528, 
    "model": "app.eventresult", 
    "fields": {
      "fourths": 0, 
      "seconds": 2, 
      "rank": 0, 
      "player": 1, 
      "points": 86, 
      "firsts": 4, 
      "thirds": 2, 
      "event": 132
    }
  }, 
  {
    "pk": 525, 
    "model": "app.eventresult", 
    "fields": {
      "fourths": 2, 
      "seconds": 2, 
      "rank": 1, 
      "player": 2, 
      "points": 58, 
      "firsts": 2, 
      "thirds": 2, 
      "event": 132
    }
  }, 
  {
    "pk": 527, 
    "model": "app.eventresult", 
    "fields": {
      "fourths": 3, 
      "seconds": 3, 
      "rank": 2, 
      "player": 4, 
      "points": 49, 
      "firsts": 1, 
      "thirds": 1, 
      "event": 132
    }
  }, 
  {
    "pk": 526, 
    "model": "app.eventresult", 
    "fields": {
      "fourths": 3, 
      "seconds": 1, 
      "rank": 3, 
      "player": 3, 
      "points": 39, 
      "firsts": 1, 
      "thirds": 3, 
      "event": 132
    }
  }, 
  {
    "pk": 513, 
    "model": "app.eventresult", 
    "fields": {
      "fourths": 3, 
      "seconds": 1, 
      "rank": 0, 
      "player": 2, 
      "points": 72, 
      "firsts": 4, 
      "thirds": 0, 
      "event": 129
    }
  }, 
  {
    "pk": 514, 
    "model": "app.eventresult", 
    "fields": {
      "fourths": 2, 
      "seconds": 2, 
      "rank": 1, 
      "player": 3, 
      "points": 69, 
      "firsts": 3, 
      "thirds": 1, 
      "event": 129
    }
  }, 
  {
    "pk": 515, 
    "model": "app.eventresult", 
    "fields": {
      "fourths": 1, 
      "seconds": 2, 
      "rank": 2, 
      "player": 4, 
      "points": 50, 
      "firsts": 1, 
      "thirds": 4, 
      "event": 129
    }
  }, 
  {
    "pk": 516, 
    "model": "app.eventresult", 
    "fields": {
      "fourths": 2, 
      "seconds": 3, 
      "rank": 3, 
      "player": 1, 
      "points": 41, 
      "firsts": 0, 
      "thirds": 3, 
      "event": 129
    }
  }, 
  {
    "pk": 509, 
    "model": "app.eventresult", 
    "fields": {
      "fourths": 2, 
      "seconds": 1, 
      "rank": 0, 
      "player": 2, 
      "points": 75, 
      "firsts": 4, 
      "thirds": 1, 
      "event": 128
    }
  }, 
  {
    "pk": 511, 
    "model": "app.eventresult", 
    "fields": {
      "fourths": 1, 
      "seconds": 2, 
      "rank": 1, 
      "player": 1, 
      "points": 72, 
      "firsts": 3, 
      "thirds": 2, 
      "event": 128
    }
  }, 
  {
    "pk": 510, 
    "model": "app.eventresult", 
    "fields": {
      "fourths": 1, 
      "seconds": 5, 
      "rank": 2, 
      "player": 4, 
      "points": 65, 
      "firsts": 1, 
      "thirds": 1, 
      "event": 128
    }
  }, 
  {
    "pk": 512, 
    "model": "app.eventresult", 
    "fields": {
      "fourths": 4, 
      "seconds": 0, 
      "rank": 3, 
      "player": 6, 
      "points": 20, 
      "firsts": 0, 
      "thirds": 4, 
      "event": 128
    }
  }, 
  {
    "pk": 507, 
    "model": "app.eventresult", 
    "fields": {
      "fourths": 0, 
      "seconds": 3, 
      "rank": 0, 
      "player": 1, 
      "points": 91, 
      "firsts": 4, 
      "thirds": 1, 
      "event": 127
    }
  }, 
  {
    "pk": 506, 
    "model": "app.eventresult", 
    "fields": {
      "fourths": 0, 
      "seconds": 2, 
      "rank": 1, 
      "player": 4, 
      "points": 75, 
      "firsts": 3, 
      "thirds": 3, 
      "event": 127
    }
  }, 
  {
    "pk": 505, 
    "model": "app.eventresult", 
    "fields": {
      "fourths": 3, 
      "seconds": 3, 
      "rank": 2, 
      "player": 2, 
      "points": 38, 
      "firsts": 0, 
      "thirds": 2, 
      "event": 127
    }
  }, 
  {
    "pk": 508, 
    "model": "app.eventresult", 
    "fields": {
      "fourths": 5, 
      "seconds": 0, 
      "rank": 3, 
      "player": 6, 
      "points": 28, 
      "firsts": 1, 
      "thirds": 2, 
      "event": 127
    }
  }, 
  {
    "pk": 504, 
    "model": "app.eventresult", 
    "fields": {
      "fourths": 1, 
      "seconds": 2, 
      "rank": 0, 
      "player": 1, 
      "points": 83, 
      "firsts": 4, 
      "thirds": 1, 
      "event": 126
    }
  }, 
  {
    "pk": 503, 
    "model": "app.eventresult", 
    "fields": {
      "fourths": 2, 
      "seconds": 1, 
      "rank": 1, 
      "player": 4, 
      "points": 64, 
      "firsts": 3, 
      "thirds": 2, 
      "event": 126
    }
  }, 
  {
    "pk": 502, 
    "model": "app.eventresult", 
    "fields": {
      "fourths": 2, 
      "seconds": 3, 
      "rank": 2, 
      "player": 3, 
      "points": 52, 
      "firsts": 1, 
      "thirds": 2, 
      "event": 126
    }
  }, 
  {
    "pk": 501, 
    "model": "app.eventresult", 
    "fields": {
      "fourths": 3, 
      "seconds": 2, 
      "rank": 3, 
      "player": 2, 
      "points": 33, 
      "firsts": 0, 
      "thirds": 3, 
      "event": 126
    }
  }, 
  {
    "pk": 499, 
    "model": "app.eventresult", 
    "fields": {
      "fourths": 0, 
      "seconds": 2, 
      "rank": 0, 
      "player": 4, 
      "points": 86, 
      "firsts": 4, 
      "thirds": 2, 
      "event": 125
    }
  }, 
  {
    "pk": 497, 
    "model": "app.eventresult", 
    "fields": {
      "fourths": 1, 
      "seconds": 3, 
      "rank": 1, 
      "player": 1, 
      "points": 77, 
      "firsts": 3, 
      "thirds": 1, 
      "event": 125
    }
  }, 
  {
    "pk": 498, 
    "model": "app.eventresult", 
    "fields": {
      "fourths": 0, 
      "seconds": 2, 
      "rank": 2, 
      "player": 2, 
      "points": 53, 
      "firsts": 1, 
      "thirds": 5, 
      "event": 125
    }
  }, 
  {
    "pk": 500, 
    "model": "app.eventresult", 
    "fields": {
      "fourths": 7, 
      "seconds": 1, 
      "rank": 3, 
      "player": 6, 
      "points": 16, 
      "firsts": 0, 
      "thirds": 0, 
      "event": 125
    }
  }, 
  {
    "pk": 490, 
    "model": "app.eventresult", 
    "fields": {
      "fourths": 1, 
      "seconds": 2, 
      "rank": 0, 
      "player": 3, 
      "points": 83, 
      "firsts": 4, 
      "thirds": 1, 
      "event": 123
    }
  }, 
  {
    "pk": 489, 
    "model": "app.eventresult", 
    "fields": {
      "fourths": 0, 
      "seconds": 3, 
      "rank": 1, 
      "player": 1, 
      "points": 69, 
      "firsts": 2, 
      "thirds": 3, 
      "event": 123
    }
  }, 
  {
    "pk": 491, 
    "model": "app.eventresult", 
    "fields": {
      "fourths": 2, 
      "seconds": 1, 
      "rank": 2, 
      "player": 4, 
      "points": 53, 
      "firsts": 2, 
      "thirds": 3, 
      "event": 123
    }
  }, 
  {
    "pk": 492, 
    "model": "app.eventresult", 
    "fields": {
      "fourths": 5, 
      "seconds": 2, 
      "rank": 3, 
      "player": 6, 
      "points": 27, 
      "firsts": 0, 
      "thirds": 1, 
      "event": 123
    }
  }, 
  {
    "pk": 487, 
    "model": "app.eventresult", 
    "fields": {
      "fourths": 2, 
      "seconds": 3, 
      "rank": 0, 
      "player": 2, 
      "points": 63, 
      "firsts": 2, 
      "thirds": 1, 
      "event": 122
    }
  }, 
  {
    "pk": 485, 
    "model": "app.eventresult", 
    "fields": {
      "fourths": 3, 
      "seconds": 1, 
      "rank": 1, 
      "player": 1, 
      "points": 61, 
      "firsts": 3, 
      "thirds": 1, 
      "event": 122
    }
  }, 
  {
    "pk": 488, 
    "model": "app.eventresult", 
    "fields": {
      "fourths": 1, 
      "seconds": 3, 
      "rank": 2, 
      "player": 4, 
      "points": 55, 
      "firsts": 1, 
      "thirds": 3, 
      "event": 122
    }
  }, 
  {
    "pk": 486, 
    "model": "app.eventresult", 
    "fields": {
      "fourths": 2, 
      "seconds": 1, 
      "rank": 3, 
      "player": 3, 
      "points": 53, 
      "firsts": 2, 
      "thirds": 3, 
      "event": 122
    }
  }, 
  {
    "pk": 483, 
    "model": "app.eventresult", 
    "fields": {
      "fourths": 1, 
      "seconds": 1, 
      "rank": 0, 
      "player": 1, 
      "points": 89, 
      "firsts": 5, 
      "thirds": 1, 
      "event": 121
    }
  }, 
  {
    "pk": 482, 
    "model": "app.eventresult", 
    "fields": {
      "fourths": 0, 
      "seconds": 3, 
      "rank": 1, 
      "player": 3, 
      "points": 69, 
      "firsts": 2, 
      "thirds": 3, 
      "event": 121
    }
  }, 
  {
    "pk": 484, 
    "model": "app.eventresult", 
    "fields": {
      "fourths": 3, 
      "seconds": 2, 
      "rank": 2, 
      "player": 4, 
      "points": 44, 
      "firsts": 1, 
      "thirds": 2, 
      "event": 121
    }
  }, 
  {
    "pk": 481, 
    "model": "app.eventresult", 
    "fields": {
      "fourths": 4, 
      "seconds": 2, 
      "rank": 3, 
      "player": 2, 
      "points": 30, 
      "firsts": 0, 
      "thirds": 2, 
      "event": 121
    }
  }, 
  {
    "pk": 478, 
    "model": "app.eventresult", 
    "fields": {
      "fourths": 2, 
      "seconds": 2, 
      "rank": 0, 
      "player": 2, 
      "points": 69, 
      "firsts": 3, 
      "thirds": 1, 
      "event": 120
    }
  }, 
  {
    "pk": 479, 
    "model": "app.eventresult", 
    "fields": {
      "fourths": 0, 
      "seconds": 2, 
      "rank": 1, 
      "player": 3, 
      "points": 64, 
      "firsts": 2, 
      "thirds": 4, 
      "event": 120
    }
  }, 
  {
    "pk": 477, 
    "model": "app.eventresult", 
    "fields": {
      "fourths": 2, 
      "seconds": 3, 
      "rank": 2, 
      "player": 1, 
      "points": 63, 
      "firsts": 2, 
      "thirds": 1, 
      "event": 120
    }
  }, 
  {
    "pk": 480, 
    "model": "app.eventresult", 
    "fields": {
      "fourths": 4, 
      "seconds": 1, 
      "rank": 3, 
      "player": 6, 
      "points": 36, 
      "firsts": 1, 
      "thirds": 2, 
      "event": 120
    }
  }, 
  {
    "pk": 475, 
    "model": "app.eventresult", 
    "fields": {
      "fourths": 2, 
      "seconds": 2, 
      "rank": 0, 
      "player": 2, 
      "points": 69, 
      "firsts": 3, 
      "thirds": 1, 
      "event": 119
    }
  }, 
  {
    "pk": 476, 
    "model": "app.eventresult", 
    "fields": {
      "fourths": 2, 
      "seconds": 2, 
      "rank": 1, 
      "player": 4, 
      "points": 69, 
      "firsts": 3, 
      "thirds": 1, 
      "event": 119
    }
  }, 
  {
    "pk": 473, 
    "model": "app.eventresult", 
    "fields": {
      "fourths": 1, 
      "seconds": 3, 
      "rank": 2, 
      "player": 1, 
      "points": 55, 
      "firsts": 1, 
      "thirds": 3, 
      "event": 119
    }
  }, 
  {
    "pk": 474, 
    "model": "app.eventresult", 
    "fields": {
      "fourths": 3, 
      "seconds": 1, 
      "rank": 3, 
      "player": 3, 
      "points": 39, 
      "firsts": 1, 
      "thirds": 3, 
      "event": 119
    }
  }, 
  {
    "pk": 467, 
    "model": "app.eventresult", 
    "fields": {
      "fourths": 1, 
      "seconds": 4, 
      "rank": 0, 
      "player": 2, 
      "points": 71, 
      "firsts": 2, 
      "thirds": 1, 
      "event": 117
    }
  }, 
  {
    "pk": 466, 
    "model": "app.eventresult", 
    "fields": {
      "fourths": 2, 
      "seconds": 0, 
      "rank": 1, 
      "player": 1, 
      "points": 70, 
      "firsts": 4, 
      "thirds": 2, 
      "event": 117
    }
  }, 
  {
    "pk": 465, 
    "model": "app.eventresult", 
    "fields": {
      "fourths": 3, 
      "seconds": 4, 
      "rank": 2, 
      "player": 3, 
      "points": 54, 
      "firsts": 1, 
      "thirds": 0, 
      "event": 117
    }
  }, 
  {
    "pk": 468, 
    "model": "app.eventresult", 
    "fields": {
      "fourths": 2, 
      "seconds": 0, 
      "rank": 3, 
      "player": 6, 
      "points": 37, 
      "firsts": 1, 
      "thirds": 5, 
      "event": 117
    }
  }, 
  {
    "pk": 462, 
    "model": "app.eventresult", 
    "fields": {
      "fourths": 2, 
      "seconds": 0, 
      "rank": 0, 
      "player": 3, 
      "points": 70, 
      "firsts": 4, 
      "thirds": 2, 
      "event": 116
    }
  }, 
  {
    "pk": 464, 
    "model": "app.eventresult", 
    "fields": {
      "fourths": 2, 
      "seconds": 2, 
      "rank": 1, 
      "player": 2, 
      "points": 69, 
      "firsts": 3, 
      "thirds": 1, 
      "event": 116
    }
  }, 
  {
    "pk": 463, 
    "model": "app.eventresult", 
    "fields": {
      "fourths": 1, 
      "seconds": 3, 
      "rank": 2, 
      "player": 4, 
      "points": 55, 
      "firsts": 1, 
      "thirds": 3, 
      "event": 116
    }
  }, 
  {
    "pk": 461, 
    "model": "app.eventresult", 
    "fields": {
      "fourths": 3, 
      "seconds": 3, 
      "rank": 3, 
      "player": 1, 
      "points": 38, 
      "firsts": 0, 
      "thirds": 2, 
      "event": 116
    }
  }, 
  {
    "pk": 459, 
    "model": "app.eventresult", 
    "fields": {
      "fourths": 0, 
      "seconds": 4, 
      "rank": 0, 
      "player": 2, 
      "points": 85, 
      "firsts": 3, 
      "thirds": 1, 
      "event": 115
    }
  }, 
  {
    "pk": 457, 
    "model": "app.eventresult", 
    "fields": {
      "fourths": 3, 
      "seconds": 3, 
      "rank": 1, 
      "player": 1, 
      "points": 60, 
      "firsts": 2, 
      "thirds": 0, 
      "event": 115
    }
  }, 
  {
    "pk": 458, 
    "model": "app.eventresult", 
    "fields": {
      "fourths": 2, 
      "seconds": 0, 
      "rank": 2, 
      "player": 4, 
      "points": 59, 
      "firsts": 3, 
      "thirds": 3, 
      "event": 115
    }
  }, 
  {
    "pk": 460, 
    "model": "app.eventresult", 
    "fields": {
      "fourths": 3, 
      "seconds": 1, 
      "rank": 3, 
      "player": 6, 
      "points": 28, 
      "firsts": 0, 
      "thirds": 4, 
      "event": 115
    }
  }, 
  {
    "pk": 455, 
    "model": "app.eventresult", 
    "fields": {
      "fourths": 1, 
      "seconds": 2, 
      "rank": 0, 
      "player": 1, 
      "points": 83, 
      "firsts": 4, 
      "thirds": 1, 
      "event": 114
    }
  }, 
  {
    "pk": 454, 
    "model": "app.eventresult", 
    "fields": {
      "fourths": 2, 
      "seconds": 3, 
      "rank": 1, 
      "player": 4, 
      "points": 63, 
      "firsts": 2, 
      "thirds": 1, 
      "event": 114
    }
  }, 
  {
    "pk": 453, 
    "model": "app.eventresult", 
    "fields": {
      "fourths": 0, 
      "seconds": 0, 
      "rank": 2, 
      "player": 2, 
      "points": 54, 
      "firsts": 2, 
      "thirds": 6, 
      "event": 114
    }
  }, 
  {
    "pk": 456, 
    "model": "app.eventresult", 
    "fields": {
      "fourths": 5, 
      "seconds": 3, 
      "rank": 3, 
      "player": 6, 
      "points": 32, 
      "firsts": 0, 
      "thirds": 0, 
      "event": 114
    }
  }, 
  {
    "pk": 561, 
    "model": "app.raceresult", 
    "fields": {
      "player": 1, 
      "race": 137, 
      "position": 0
    }
  }, 
  {
    "pk": 562, 
    "model": "app.raceresult", 
    "fields": {
      "player": 3, 
      "race": 137, 
      "position": 1
    }
  }, 
  {
    "pk": 563, 
    "model": "app.raceresult", 
    "fields": {
      "player": 2, 
      "race": 137, 
      "position": 2
    }
  }, 
  {
    "pk": 564, 
    "model": "app.raceresult", 
    "fields": {
      "player": 4, 
      "race": 137, 
      "position": 3
    }
  }, 
  {
    "pk": 557, 
    "model": "app.raceresult", 
    "fields": {
      "player": 4, 
      "race": 136, 
      "position": 0
    }
  }, 
  {
    "pk": 558, 
    "model": "app.raceresult", 
    "fields": {
      "player": 3, 
      "race": 136, 
      "position": 1
    }
  }, 
  {
    "pk": 559, 
    "model": "app.raceresult", 
    "fields": {
      "player": 1, 
      "race": 136, 
      "position": 2
    }
  }, 
  {
    "pk": 560, 
    "model": "app.raceresult", 
    "fields": {
      "player": 2, 
      "race": 136, 
      "position": 3
    }
  }, 
  {
    "pk": 553, 
    "model": "app.raceresult", 
    "fields": {
      "player": 1, 
      "race": 135, 
      "position": 0
    }
  }, 
  {
    "pk": 554, 
    "model": "app.raceresult", 
    "fields": {
      "player": 2, 
      "race": 135, 
      "position": 1
    }
  }, 
  {
    "pk": 555, 
    "model": "app.raceresult", 
    "fields": {
      "player": 4, 
      "race": 135, 
      "position": 2
    }
  }, 
  {
    "pk": 556, 
    "model": "app.raceresult", 
    "fields": {
      "player": 3, 
      "race": 135, 
      "position": 3
    }
  }, 
  {
    "pk": 549, 
    "model": "app.raceresult", 
    "fields": {
      "player": 1, 
      "race": 134, 
      "position": 0
    }
  }, 
  {
    "pk": 550, 
    "model": "app.raceresult", 
    "fields": {
      "player": 4, 
      "race": 134, 
      "position": 1
    }
  }, 
  {
    "pk": 551, 
    "model": "app.raceresult", 
    "fields": {
      "player": 2, 
      "race": 134, 
      "position": 2
    }
  }, 
  {
    "pk": 552, 
    "model": "app.raceresult", 
    "fields": {
      "player": 3, 
      "race": 134, 
      "position": 3
    }
  }, 
  {
    "pk": 545, 
    "model": "app.raceresult", 
    "fields": {
      "player": 4, 
      "race": 133, 
      "position": 0
    }
  }, 
  {
    "pk": 546, 
    "model": "app.raceresult", 
    "fields": {
      "player": 3, 
      "race": 133, 
      "position": 1
    }
  }, 
  {
    "pk": 547, 
    "model": "app.raceresult", 
    "fields": {
      "player": 2, 
      "race": 133, 
      "position": 2
    }
  }, 
  {
    "pk": 548, 
    "model": "app.raceresult", 
    "fields": {
      "player": 1, 
      "race": 133, 
      "position": 3
    }
  }, 
  {
    "pk": 541, 
    "model": "app.raceresult", 
    "fields": {
      "player": 4, 
      "race": 132, 
      "position": 0
    }
  }, 
  {
    "pk": 542, 
    "model": "app.raceresult", 
    "fields": {
      "player": 1, 
      "race": 132, 
      "position": 1
    }
  }, 
  {
    "pk": 543, 
    "model": "app.raceresult", 
    "fields": {
      "player": 3, 
      "race": 132, 
      "position": 2
    }
  }, 
  {
    "pk": 544, 
    "model": "app.raceresult", 
    "fields": {
      "player": 2, 
      "race": 132, 
      "position": 3
    }
  }, 
  {
    "pk": 537, 
    "model": "app.raceresult", 
    "fields": {
      "player": 3, 
      "race": 131, 
      "position": 0
    }
  }, 
  {
    "pk": 538, 
    "model": "app.raceresult", 
    "fields": {
      "player": 1, 
      "race": 131, 
      "position": 1
    }
  }, 
  {
    "pk": 539, 
    "model": "app.raceresult", 
    "fields": {
      "player": 4, 
      "race": 131, 
      "position": 2
    }
  }, 
  {
    "pk": 540, 
    "model": "app.raceresult", 
    "fields": {
      "player": 2, 
      "race": 131, 
      "position": 3
    }
  }, 
  {
    "pk": 533, 
    "model": "app.raceresult", 
    "fields": {
      "player": 1, 
      "race": 130, 
      "position": 0
    }
  }, 
  {
    "pk": 534, 
    "model": "app.raceresult", 
    "fields": {
      "player": 3, 
      "race": 130, 
      "position": 1
    }
  }, 
  {
    "pk": 535, 
    "model": "app.raceresult", 
    "fields": {
      "player": 4, 
      "race": 130, 
      "position": 2
    }
  }, 
  {
    "pk": 536, 
    "model": "app.raceresult", 
    "fields": {
      "player": 2, 
      "race": 130, 
      "position": 3
    }
  }, 
  {
    "pk": 529, 
    "model": "app.raceresult", 
    "fields": {
      "player": 3, 
      "race": 129, 
      "position": 0
    }
  }, 
  {
    "pk": 530, 
    "model": "app.raceresult", 
    "fields": {
      "player": 1, 
      "race": 129, 
      "position": 1
    }
  }, 
  {
    "pk": 531, 
    "model": "app.raceresult", 
    "fields": {
      "player": 4, 
      "race": 129, 
      "position": 2
    }
  }, 
  {
    "pk": 532, 
    "model": "app.raceresult", 
    "fields": {
      "player": 2, 
      "race": 129, 
      "position": 3
    }
  }, 
  {
    "pk": 525, 
    "model": "app.raceresult", 
    "fields": {
      "player": 3, 
      "race": 128, 
      "position": 0
    }
  }, 
  {
    "pk": 526, 
    "model": "app.raceresult", 
    "fields": {
      "player": 4, 
      "race": 128, 
      "position": 1
    }
  }, 
  {
    "pk": 527, 
    "model": "app.raceresult", 
    "fields": {
      "player": 2, 
      "race": 128, 
      "position": 2
    }
  }, 
  {
    "pk": 528, 
    "model": "app.raceresult", 
    "fields": {
      "player": 1, 
      "race": 128, 
      "position": 3
    }
  }, 
  {
    "pk": 521, 
    "model": "app.raceresult", 
    "fields": {
      "player": 4, 
      "race": 127, 
      "position": 0
    }
  }, 
  {
    "pk": 522, 
    "model": "app.raceresult", 
    "fields": {
      "player": 1, 
      "race": 127, 
      "position": 1
    }
  }, 
  {
    "pk": 523, 
    "model": "app.raceresult", 
    "fields": {
      "player": 2, 
      "race": 127, 
      "position": 2
    }
  }, 
  {
    "pk": 524, 
    "model": "app.raceresult", 
    "fields": {
      "player": 3, 
      "race": 127, 
      "position": 3
    }
  }, 
  {
    "pk": 517, 
    "model": "app.raceresult", 
    "fields": {
      "player": 2, 
      "race": 126, 
      "position": 0
    }
  }, 
  {
    "pk": 518, 
    "model": "app.raceresult", 
    "fields": {
      "player": 3, 
      "race": 126, 
      "position": 1
    }
  }, 
  {
    "pk": 519, 
    "model": "app.raceresult", 
    "fields": {
      "player": 1, 
      "race": 126, 
      "position": 2
    }
  }, 
  {
    "pk": 520, 
    "model": "app.raceresult", 
    "fields": {
      "player": 4, 
      "race": 126, 
      "position": 3
    }
  }, 
  {
    "pk": 513, 
    "model": "app.raceresult", 
    "fields": {
      "player": 2, 
      "race": 125, 
      "position": 0
    }
  }, 
  {
    "pk": 514, 
    "model": "app.raceresult", 
    "fields": {
      "player": 3, 
      "race": 125, 
      "position": 1
    }
  }, 
  {
    "pk": 515, 
    "model": "app.raceresult", 
    "fields": {
      "player": 1, 
      "race": 125, 
      "position": 2
    }
  }, 
  {
    "pk": 516, 
    "model": "app.raceresult", 
    "fields": {
      "player": 4, 
      "race": 125, 
      "position": 3
    }
  }, 
  {
    "pk": 509, 
    "model": "app.raceresult", 
    "fields": {
      "player": 2, 
      "race": 124, 
      "position": 0
    }
  }, 
  {
    "pk": 510, 
    "model": "app.raceresult", 
    "fields": {
      "player": 3, 
      "race": 124, 
      "position": 1
    }
  }, 
  {
    "pk": 511, 
    "model": "app.raceresult", 
    "fields": {
      "player": 4, 
      "race": 124, 
      "position": 2
    }
  }, 
  {
    "pk": 512, 
    "model": "app.raceresult", 
    "fields": {
      "player": 1, 
      "race": 124, 
      "position": 3
    }
  }, 
  {
    "pk": 505, 
    "model": "app.raceresult", 
    "fields": {
      "player": 2, 
      "race": 123, 
      "position": 0
    }
  }, 
  {
    "pk": 506, 
    "model": "app.raceresult", 
    "fields": {
      "player": 1, 
      "race": 123, 
      "position": 1
    }
  }, 
  {
    "pk": 507, 
    "model": "app.raceresult", 
    "fields": {
      "player": 4, 
      "race": 123, 
      "position": 2
    }
  }, 
  {
    "pk": 508, 
    "model": "app.raceresult", 
    "fields": {
      "player": 3, 
      "race": 123, 
      "position": 3
    }
  }, 
  {
    "pk": 501, 
    "model": "app.raceresult", 
    "fields": {
      "player": 3, 
      "race": 122, 
      "position": 0
    }
  }, 
  {
    "pk": 502, 
    "model": "app.raceresult", 
    "fields": {
      "player": 2, 
      "race": 122, 
      "position": 1
    }
  }, 
  {
    "pk": 503, 
    "model": "app.raceresult", 
    "fields": {
      "player": 4, 
      "race": 122, 
      "position": 2
    }
  }, 
  {
    "pk": 504, 
    "model": "app.raceresult", 
    "fields": {
      "player": 1, 
      "race": 122, 
      "position": 3
    }
  }, 
  {
    "pk": 497, 
    "model": "app.raceresult", 
    "fields": {
      "player": 4, 
      "race": 121, 
      "position": 0
    }
  }, 
  {
    "pk": 498, 
    "model": "app.raceresult", 
    "fields": {
      "player": 1, 
      "race": 121, 
      "position": 1
    }
  }, 
  {
    "pk": 499, 
    "model": "app.raceresult", 
    "fields": {
      "player": 2, 
      "race": 121, 
      "position": 2
    }
  }, 
  {
    "pk": 500, 
    "model": "app.raceresult", 
    "fields": {
      "player": 6, 
      "race": 121, 
      "position": 3
    }
  }, 
  {
    "pk": 493, 
    "model": "app.raceresult", 
    "fields": {
      "player": 6, 
      "race": 120, 
      "position": 0
    }
  }, 
  {
    "pk": 494, 
    "model": "app.raceresult", 
    "fields": {
      "player": 2, 
      "race": 120, 
      "position": 1
    }
  }, 
  {
    "pk": 495, 
    "model": "app.raceresult", 
    "fields": {
      "player": 4, 
      "race": 120, 
      "position": 2
    }
  }, 
  {
    "pk": 496, 
    "model": "app.raceresult", 
    "fields": {
      "player": 1, 
      "race": 120, 
      "position": 3
    }
  }, 
  {
    "pk": 489, 
    "model": "app.raceresult", 
    "fields": {
      "player": 1, 
      "race": 119, 
      "position": 0
    }
  }, 
  {
    "pk": 490, 
    "model": "app.raceresult", 
    "fields": {
      "player": 4, 
      "race": 119, 
      "position": 1
    }
  }, 
  {
    "pk": 491, 
    "model": "app.raceresult", 
    "fields": {
      "player": 6, 
      "race": 119, 
      "position": 2
    }
  }, 
  {
    "pk": 492, 
    "model": "app.raceresult", 
    "fields": {
      "player": 2, 
      "race": 119, 
      "position": 3
    }
  }, 
  {
    "pk": 485, 
    "model": "app.raceresult", 
    "fields": {
      "player": 1, 
      "race": 118, 
      "position": 0
    }
  }, 
  {
    "pk": 486, 
    "model": "app.raceresult", 
    "fields": {
      "player": 4, 
      "race": 118, 
      "position": 1
    }
  }, 
  {
    "pk": 487, 
    "model": "app.raceresult", 
    "fields": {
      "player": 2, 
      "race": 118, 
      "position": 2
    }
  }, 
  {
    "pk": 488, 
    "model": "app.raceresult", 
    "fields": {
      "player": 6, 
      "race": 118, 
      "position": 3
    }
  }, 
  {
    "pk": 481, 
    "model": "app.raceresult", 
    "fields": {
      "player": 4, 
      "race": 117, 
      "position": 0
    }
  }, 
  {
    "pk": 482, 
    "model": "app.raceresult", 
    "fields": {
      "player": 2, 
      "race": 117, 
      "position": 1
    }
  }, 
  {
    "pk": 483, 
    "model": "app.raceresult", 
    "fields": {
      "player": 6, 
      "race": 117, 
      "position": 2
    }
  }, 
  {
    "pk": 484, 
    "model": "app.raceresult", 
    "fields": {
      "player": 1, 
      "race": 117, 
      "position": 3
    }
  }, 
  {
    "pk": 477, 
    "model": "app.raceresult", 
    "fields": {
      "player": 4, 
      "race": 116, 
      "position": 0
    }
  }, 
  {
    "pk": 478, 
    "model": "app.raceresult", 
    "fields": {
      "player": 6, 
      "race": 116, 
      "position": 1
    }
  }, 
  {
    "pk": 479, 
    "model": "app.raceresult", 
    "fields": {
      "player": 1, 
      "race": 116, 
      "position": 2
    }
  }, 
  {
    "pk": 480, 
    "model": "app.raceresult", 
    "fields": {
      "player": 2, 
      "race": 116, 
      "position": 3
    }
  }, 
  {
    "pk": 473, 
    "model": "app.raceresult", 
    "fields": {
      "player": 1, 
      "race": 115, 
      "position": 0
    }
  }, 
  {
    "pk": 474, 
    "model": "app.raceresult", 
    "fields": {
      "player": 2, 
      "race": 115, 
      "position": 1
    }
  }, 
  {
    "pk": 475, 
    "model": "app.raceresult", 
    "fields": {
      "player": 4, 
      "race": 115, 
      "position": 2
    }
  }, 
  {
    "pk": 476, 
    "model": "app.raceresult", 
    "fields": {
      "player": 6, 
      "race": 115, 
      "position": 3
    }
  }, 
  {
    "pk": 469, 
    "model": "app.raceresult", 
    "fields": {
      "player": 4, 
      "race": 114, 
      "position": 0
    }
  }, 
  {
    "pk": 470, 
    "model": "app.raceresult", 
    "fields": {
      "player": 1, 
      "race": 114, 
      "position": 1
    }
  }, 
  {
    "pk": 471, 
    "model": "app.raceresult", 
    "fields": {
      "player": 2, 
      "race": 114, 
      "position": 2
    }
  }, 
  {
    "pk": 472, 
    "model": "app.raceresult", 
    "fields": {
      "player": 6, 
      "race": 114, 
      "position": 3
    }
  }, 
  {
    "pk": 461, 
    "model": "app.raceresult", 
    "fields": {
      "player": 1, 
      "race": 113, 
      "position": 0
    }
  }, 
  {
    "pk": 462, 
    "model": "app.raceresult", 
    "fields": {
      "player": 2, 
      "race": 113, 
      "position": 1
    }
  }, 
  {
    "pk": 463, 
    "model": "app.raceresult", 
    "fields": {
      "player": 4, 
      "race": 113, 
      "position": 2
    }
  }, 
  {
    "pk": 464, 
    "model": "app.raceresult", 
    "fields": {
      "player": 3, 
      "race": 113, 
      "position": 3
    }
  }, 
  {
    "pk": 457, 
    "model": "app.raceresult", 
    "fields": {
      "player": 3, 
      "race": 112, 
      "position": 0
    }
  }, 
  {
    "pk": 458, 
    "model": "app.raceresult", 
    "fields": {
      "player": 1, 
      "race": 112, 
      "position": 1
    }
  }, 
  {
    "pk": 459, 
    "model": "app.raceresult", 
    "fields": {
      "player": 2, 
      "race": 112, 
      "position": 2
    }
  }, 
  {
    "pk": 460, 
    "model": "app.raceresult", 
    "fields": {
      "player": 4, 
      "race": 112, 
      "position": 3
    }
  }, 
  {
    "pk": 453, 
    "model": "app.raceresult", 
    "fields": {
      "player": 4, 
      "race": 111, 
      "position": 0
    }
  }, 
  {
    "pk": 454, 
    "model": "app.raceresult", 
    "fields": {
      "player": 1, 
      "race": 111, 
      "position": 1
    }
  }, 
  {
    "pk": 455, 
    "model": "app.raceresult", 
    "fields": {
      "player": 3, 
      "race": 111, 
      "position": 2
    }
  }, 
  {
    "pk": 456, 
    "model": "app.raceresult", 
    "fields": {
      "player": 2, 
      "race": 111, 
      "position": 3
    }
  }, 
  {
    "pk": 449, 
    "model": "app.raceresult", 
    "fields": {
      "player": 1, 
      "race": 110, 
      "position": 0
    }
  }, 
  {
    "pk": 450, 
    "model": "app.raceresult", 
    "fields": {
      "player": 4, 
      "race": 110, 
      "position": 1
    }
  }, 
  {
    "pk": 451, 
    "model": "app.raceresult", 
    "fields": {
      "player": 2, 
      "race": 110, 
      "position": 2
    }
  }, 
  {
    "pk": 452, 
    "model": "app.raceresult", 
    "fields": {
      "player": 3, 
      "race": 110, 
      "position": 3
    }
  }, 
  {
    "pk": 445, 
    "model": "app.raceresult", 
    "fields": {
      "player": 2, 
      "race": 109, 
      "position": 0
    }
  }, 
  {
    "pk": 446, 
    "model": "app.raceresult", 
    "fields": {
      "player": 4, 
      "race": 109, 
      "position": 1
    }
  }, 
  {
    "pk": 447, 
    "model": "app.raceresult", 
    "fields": {
      "player": 1, 
      "race": 109, 
      "position": 2
    }
  }, 
  {
    "pk": 448, 
    "model": "app.raceresult", 
    "fields": {
      "player": 3, 
      "race": 109, 
      "position": 3
    }
  }, 
  {
    "pk": 441, 
    "model": "app.raceresult", 
    "fields": {
      "player": 2, 
      "race": 108, 
      "position": 0
    }
  }, 
  {
    "pk": 442, 
    "model": "app.raceresult", 
    "fields": {
      "player": 3, 
      "race": 108, 
      "position": 1
    }
  }, 
  {
    "pk": 443, 
    "model": "app.raceresult", 
    "fields": {
      "player": 1, 
      "race": 108, 
      "position": 2
    }
  }, 
  {
    "pk": 444, 
    "model": "app.raceresult", 
    "fields": {
      "player": 4, 
      "race": 108, 
      "position": 3
    }
  }, 
  {
    "pk": 437, 
    "model": "app.raceresult", 
    "fields": {
      "player": 1, 
      "race": 107, 
      "position": 0
    }
  }, 
  {
    "pk": 438, 
    "model": "app.raceresult", 
    "fields": {
      "player": 2, 
      "race": 107, 
      "position": 1
    }
  }, 
  {
    "pk": 439, 
    "model": "app.raceresult", 
    "fields": {
      "player": 3, 
      "race": 107, 
      "position": 2
    }
  }, 
  {
    "pk": 440, 
    "model": "app.raceresult", 
    "fields": {
      "player": 4, 
      "race": 107, 
      "position": 3
    }
  }, 
  {
    "pk": 465, 
    "model": "app.raceresult", 
    "fields": {
      "player": 1, 
      "race": 106, 
      "position": 0
    }
  }, 
  {
    "pk": 466, 
    "model": "app.raceresult", 
    "fields": {
      "player": 4, 
      "race": 106, 
      "position": 1
    }
  }, 
  {
    "pk": 467, 
    "model": "app.raceresult", 
    "fields": {
      "player": 3, 
      "race": 106, 
      "position": 2
    }
  }, 
  {
    "pk": 468, 
    "model": "app.raceresult", 
    "fields": {
      "player": 2, 
      "race": 106, 
      "position": 3
    }
  }, 
  {
    "pk": 429, 
    "model": "app.raceresult", 
    "fields": {
      "player": 2, 
      "race": 105, 
      "position": 0
    }
  }, 
  {
    "pk": 430, 
    "model": "app.raceresult", 
    "fields": {
      "player": 3, 
      "race": 105, 
      "position": 1
    }
  }, 
  {
    "pk": 431, 
    "model": "app.raceresult", 
    "fields": {
      "player": 1, 
      "race": 105, 
      "position": 2
    }
  }, 
  {
    "pk": 432, 
    "model": "app.raceresult", 
    "fields": {
      "player": 4, 
      "race": 105, 
      "position": 3
    }
  }, 
  {
    "pk": 425, 
    "model": "app.raceresult", 
    "fields": {
      "player": 3, 
      "race": 104, 
      "position": 0
    }
  }, 
  {
    "pk": 426, 
    "model": "app.raceresult", 
    "fields": {
      "player": 4, 
      "race": 104, 
      "position": 1
    }
  }, 
  {
    "pk": 427, 
    "model": "app.raceresult", 
    "fields": {
      "player": 1, 
      "race": 104, 
      "position": 2
    }
  }, 
  {
    "pk": 428, 
    "model": "app.raceresult", 
    "fields": {
      "player": 2, 
      "race": 104, 
      "position": 3
    }
  }, 
  {
    "pk": 421, 
    "model": "app.raceresult", 
    "fields": {
      "player": 3, 
      "race": 103, 
      "position": 0
    }
  }, 
  {
    "pk": 422, 
    "model": "app.raceresult", 
    "fields": {
      "player": 2, 
      "race": 103, 
      "position": 1
    }
  }, 
  {
    "pk": 423, 
    "model": "app.raceresult", 
    "fields": {
      "player": 4, 
      "race": 103, 
      "position": 2
    }
  }, 
  {
    "pk": 424, 
    "model": "app.raceresult", 
    "fields": {
      "player": 1, 
      "race": 103, 
      "position": 3
    }
  }, 
  {
    "pk": 417, 
    "model": "app.raceresult", 
    "fields": {
      "player": 2, 
      "race": 102, 
      "position": 0
    }
  }, 
  {
    "pk": 418, 
    "model": "app.raceresult", 
    "fields": {
      "player": 1, 
      "race": 102, 
      "position": 1
    }
  }, 
  {
    "pk": 419, 
    "model": "app.raceresult", 
    "fields": {
      "player": 4, 
      "race": 102, 
      "position": 2
    }
  }, 
  {
    "pk": 420, 
    "model": "app.raceresult", 
    "fields": {
      "player": 3, 
      "race": 102, 
      "position": 3
    }
  }, 
  {
    "pk": 413, 
    "model": "app.raceresult", 
    "fields": {
      "player": 2, 
      "race": 101, 
      "position": 0
    }
  }, 
  {
    "pk": 414, 
    "model": "app.raceresult", 
    "fields": {
      "player": 3, 
      "race": 101, 
      "position": 1
    }
  }, 
  {
    "pk": 415, 
    "model": "app.raceresult", 
    "fields": {
      "player": 4, 
      "race": 101, 
      "position": 2
    }
  }, 
  {
    "pk": 416, 
    "model": "app.raceresult", 
    "fields": {
      "player": 1, 
      "race": 101, 
      "position": 3
    }
  }, 
  {
    "pk": 409, 
    "model": "app.raceresult", 
    "fields": {
      "player": 3, 
      "race": 100, 
      "position": 0
    }
  }, 
  {
    "pk": 410, 
    "model": "app.raceresult", 
    "fields": {
      "player": 1, 
      "race": 100, 
      "position": 1
    }
  }, 
  {
    "pk": 411, 
    "model": "app.raceresult", 
    "fields": {
      "player": 4, 
      "race": 100, 
      "position": 2
    }
  }, 
  {
    "pk": 412, 
    "model": "app.raceresult", 
    "fields": {
      "player": 2, 
      "race": 100, 
      "position": 3
    }
  }, 
  {
    "pk": 405, 
    "model": "app.raceresult", 
    "fields": {
      "player": 2, 
      "race": 99, 
      "position": 0
    }
  }, 
  {
    "pk": 406, 
    "model": "app.raceresult", 
    "fields": {
      "player": 4, 
      "race": 99, 
      "position": 1
    }
  }, 
  {
    "pk": 407, 
    "model": "app.raceresult", 
    "fields": {
      "player": 1, 
      "race": 99, 
      "position": 2
    }
  }, 
  {
    "pk": 408, 
    "model": "app.raceresult", 
    "fields": {
      "player": 3, 
      "race": 99, 
      "position": 3
    }
  }, 
  {
    "pk": 401, 
    "model": "app.raceresult", 
    "fields": {
      "player": 4, 
      "race": 98, 
      "position": 0
    }
  }, 
  {
    "pk": 402, 
    "model": "app.raceresult", 
    "fields": {
      "player": 1, 
      "race": 98, 
      "position": 1
    }
  }, 
  {
    "pk": 403, 
    "model": "app.raceresult", 
    "fields": {
      "player": 3, 
      "race": 98, 
      "position": 2
    }
  }, 
  {
    "pk": 404, 
    "model": "app.raceresult", 
    "fields": {
      "player": 2, 
      "race": 98, 
      "position": 3
    }
  }, 
  {
    "pk": 397, 
    "model": "app.raceresult", 
    "fields": {
      "player": 1, 
      "race": 97, 
      "position": 0
    }
  }, 
  {
    "pk": 398, 
    "model": "app.raceresult", 
    "fields": {
      "player": 4, 
      "race": 97, 
      "position": 1
    }
  }, 
  {
    "pk": 399, 
    "model": "app.raceresult", 
    "fields": {
      "player": 6, 
      "race": 97, 
      "position": 2
    }
  }, 
  {
    "pk": 400, 
    "model": "app.raceresult", 
    "fields": {
      "player": 2, 
      "race": 97, 
      "position": 3
    }
  }, 
  {
    "pk": 393, 
    "model": "app.raceresult", 
    "fields": {
      "player": 2, 
      "race": 96, 
      "position": 0
    }
  }, 
  {
    "pk": 394, 
    "model": "app.raceresult", 
    "fields": {
      "player": 1, 
      "race": 96, 
      "position": 1
    }
  }, 
  {
    "pk": 395, 
    "model": "app.raceresult", 
    "fields": {
      "player": 6, 
      "race": 96, 
      "position": 2
    }
  }, 
  {
    "pk": 396, 
    "model": "app.raceresult", 
    "fields": {
      "player": 4, 
      "race": 96, 
      "position": 3
    }
  }, 
  {
    "pk": 389, 
    "model": "app.raceresult", 
    "fields": {
      "player": 1, 
      "race": 95, 
      "position": 0
    }
  }, 
  {
    "pk": 390, 
    "model": "app.raceresult", 
    "fields": {
      "player": 4, 
      "race": 95, 
      "position": 1
    }
  }, 
  {
    "pk": 391, 
    "model": "app.raceresult", 
    "fields": {
      "player": 2, 
      "race": 95, 
      "position": 2
    }
  }, 
  {
    "pk": 392, 
    "model": "app.raceresult", 
    "fields": {
      "player": 6, 
      "race": 95, 
      "position": 3
    }
  }, 
  {
    "pk": 385, 
    "model": "app.raceresult", 
    "fields": {
      "player": 2, 
      "race": 94, 
      "position": 0
    }
  }, 
  {
    "pk": 386, 
    "model": "app.raceresult", 
    "fields": {
      "player": 4, 
      "race": 94, 
      "position": 1
    }
  }, 
  {
    "pk": 387, 
    "model": "app.raceresult", 
    "fields": {
      "player": 6, 
      "race": 94, 
      "position": 2
    }
  }, 
  {
    "pk": 388, 
    "model": "app.raceresult", 
    "fields": {
      "player": 1, 
      "race": 94, 
      "position": 3
    }
  }, 
  {
    "pk": 381, 
    "model": "app.raceresult", 
    "fields": {
      "player": 1, 
      "race": 93, 
      "position": 0
    }
  }, 
  {
    "pk": 382, 
    "model": "app.raceresult", 
    "fields": {
      "player": 4, 
      "race": 93, 
      "position": 1
    }
  }, 
  {
    "pk": 383, 
    "model": "app.raceresult", 
    "fields": {
      "player": 6, 
      "race": 93, 
      "position": 2
    }
  }, 
  {
    "pk": 384, 
    "model": "app.raceresult", 
    "fields": {
      "player": 2, 
      "race": 93, 
      "position": 3
    }
  }, 
  {
    "pk": 377, 
    "model": "app.raceresult", 
    "fields": {
      "player": 4, 
      "race": 92, 
      "position": 0
    }
  }, 
  {
    "pk": 378, 
    "model": "app.raceresult", 
    "fields": {
      "player": 2, 
      "race": 92, 
      "position": 1
    }
  }, 
  {
    "pk": 379, 
    "model": "app.raceresult", 
    "fields": {
      "player": 1, 
      "race": 92, 
      "position": 2
    }
  }, 
  {
    "pk": 380, 
    "model": "app.raceresult", 
    "fields": {
      "player": 6, 
      "race": 92, 
      "position": 3
    }
  }, 
  {
    "pk": 373, 
    "model": "app.raceresult", 
    "fields": {
      "player": 2, 
      "race": 91, 
      "position": 0
    }
  }, 
  {
    "pk": 374, 
    "model": "app.raceresult", 
    "fields": {
      "player": 4, 
      "race": 91, 
      "position": 1
    }
  }, 
  {
    "pk": 375, 
    "model": "app.raceresult", 
    "fields": {
      "player": 1, 
      "race": 91, 
      "position": 2
    }
  }, 
  {
    "pk": 376, 
    "model": "app.raceresult", 
    "fields": {
      "player": 6, 
      "race": 91, 
      "position": 3
    }
  }, 
  {
    "pk": 369, 
    "model": "app.raceresult", 
    "fields": {
      "player": 2, 
      "race": 90, 
      "position": 0
    }
  }, 
  {
    "pk": 370, 
    "model": "app.raceresult", 
    "fields": {
      "player": 1, 
      "race": 90, 
      "position": 1
    }
  }, 
  {
    "pk": 371, 
    "model": "app.raceresult", 
    "fields": {
      "player": 4, 
      "race": 90, 
      "position": 2
    }
  }, 
  {
    "pk": 372, 
    "model": "app.raceresult", 
    "fields": {
      "player": 6, 
      "race": 90, 
      "position": 3
    }
  }, 
  {
    "pk": 365, 
    "model": "app.raceresult", 
    "fields": {
      "player": 1, 
      "race": 89, 
      "position": 0
    }
  }, 
  {
    "pk": 366, 
    "model": "app.raceresult", 
    "fields": {
      "player": 2, 
      "race": 89, 
      "position": 1
    }
  }, 
  {
    "pk": 367, 
    "model": "app.raceresult", 
    "fields": {
      "player": 4, 
      "race": 89, 
      "position": 2
    }
  }, 
  {
    "pk": 368, 
    "model": "app.raceresult", 
    "fields": {
      "player": 6, 
      "race": 89, 
      "position": 3
    }
  }, 
  {
    "pk": 361, 
    "model": "app.raceresult", 
    "fields": {
      "player": 1, 
      "race": 88, 
      "position": 0
    }
  }, 
  {
    "pk": 362, 
    "model": "app.raceresult", 
    "fields": {
      "player": 4, 
      "race": 88, 
      "position": 1
    }
  }, 
  {
    "pk": 363, 
    "model": "app.raceresult", 
    "fields": {
      "player": 6, 
      "race": 88, 
      "position": 2
    }
  }, 
  {
    "pk": 364, 
    "model": "app.raceresult", 
    "fields": {
      "player": 2, 
      "race": 88, 
      "position": 3
    }
  }, 
  {
    "pk": 357, 
    "model": "app.raceresult", 
    "fields": {
      "player": 1, 
      "race": 87, 
      "position": 0
    }
  }, 
  {
    "pk": 358, 
    "model": "app.raceresult", 
    "fields": {
      "player": 2, 
      "race": 87, 
      "position": 1
    }
  }, 
  {
    "pk": 359, 
    "model": "app.raceresult", 
    "fields": {
      "player": 4, 
      "race": 87, 
      "position": 2
    }
  }, 
  {
    "pk": 360, 
    "model": "app.raceresult", 
    "fields": {
      "player": 6, 
      "race": 87, 
      "position": 3
    }
  }, 
  {
    "pk": 353, 
    "model": "app.raceresult", 
    "fields": {
      "player": 1, 
      "race": 86, 
      "position": 0
    }
  }, 
  {
    "pk": 354, 
    "model": "app.raceresult", 
    "fields": {
      "player": 4, 
      "race": 86, 
      "position": 1
    }
  }, 
  {
    "pk": 355, 
    "model": "app.raceresult", 
    "fields": {
      "player": 2, 
      "race": 86, 
      "position": 2
    }
  }, 
  {
    "pk": 356, 
    "model": "app.raceresult", 
    "fields": {
      "player": 6, 
      "race": 86, 
      "position": 3
    }
  }, 
  {
    "pk": 349, 
    "model": "app.raceresult", 
    "fields": {
      "player": 6, 
      "race": 85, 
      "position": 0
    }
  }, 
  {
    "pk": 350, 
    "model": "app.raceresult", 
    "fields": {
      "player": 1, 
      "race": 85, 
      "position": 1
    }
  }, 
  {
    "pk": 351, 
    "model": "app.raceresult", 
    "fields": {
      "player": 4, 
      "race": 85, 
      "position": 2
    }
  }, 
  {
    "pk": 352, 
    "model": "app.raceresult", 
    "fields": {
      "player": 2, 
      "race": 85, 
      "position": 3
    }
  }, 
  {
    "pk": 345, 
    "model": "app.raceresult", 
    "fields": {
      "player": 4, 
      "race": 84, 
      "position": 0
    }
  }, 
  {
    "pk": 346, 
    "model": "app.raceresult", 
    "fields": {
      "player": 1, 
      "race": 84, 
      "position": 1
    }
  }, 
  {
    "pk": 347, 
    "model": "app.raceresult", 
    "fields": {
      "player": 6, 
      "race": 84, 
      "position": 2
    }
  }, 
  {
    "pk": 348, 
    "model": "app.raceresult", 
    "fields": {
      "player": 2, 
      "race": 84, 
      "position": 3
    }
  }, 
  {
    "pk": 341, 
    "model": "app.raceresult", 
    "fields": {
      "player": 4, 
      "race": 83, 
      "position": 0
    }
  }, 
  {
    "pk": 342, 
    "model": "app.raceresult", 
    "fields": {
      "player": 1, 
      "race": 83, 
      "position": 1
    }
  }, 
  {
    "pk": 343, 
    "model": "app.raceresult", 
    "fields": {
      "player": 2, 
      "race": 83, 
      "position": 2
    }
  }, 
  {
    "pk": 344, 
    "model": "app.raceresult", 
    "fields": {
      "player": 6, 
      "race": 83, 
      "position": 3
    }
  }, 
  {
    "pk": 337, 
    "model": "app.raceresult", 
    "fields": {
      "player": 4, 
      "race": 82, 
      "position": 0
    }
  }, 
  {
    "pk": 338, 
    "model": "app.raceresult", 
    "fields": {
      "player": 2, 
      "race": 82, 
      "position": 1
    }
  }, 
  {
    "pk": 339, 
    "model": "app.raceresult", 
    "fields": {
      "player": 1, 
      "race": 82, 
      "position": 2
    }
  }, 
  {
    "pk": 340, 
    "model": "app.raceresult", 
    "fields": {
      "player": 6, 
      "race": 82, 
      "position": 3
    }
  }, 
  {
    "pk": 333, 
    "model": "app.raceresult", 
    "fields": {
      "player": 1, 
      "race": 81, 
      "position": 0
    }
  }, 
  {
    "pk": 334, 
    "model": "app.raceresult", 
    "fields": {
      "player": 2, 
      "race": 81, 
      "position": 1
    }
  }, 
  {
    "pk": 335, 
    "model": "app.raceresult", 
    "fields": {
      "player": 3, 
      "race": 81, 
      "position": 2
    }
  }, 
  {
    "pk": 336, 
    "model": "app.raceresult", 
    "fields": {
      "player": 4, 
      "race": 81, 
      "position": 3
    }
  }, 
  {
    "pk": 329, 
    "model": "app.raceresult", 
    "fields": {
      "player": 1, 
      "race": 80, 
      "position": 0
    }
  }, 
  {
    "pk": 330, 
    "model": "app.raceresult", 
    "fields": {
      "player": 3, 
      "race": 80, 
      "position": 1
    }
  }, 
  {
    "pk": 331, 
    "model": "app.raceresult", 
    "fields": {
      "player": 4, 
      "race": 80, 
      "position": 2
    }
  }, 
  {
    "pk": 332, 
    "model": "app.raceresult", 
    "fields": {
      "player": 2, 
      "race": 80, 
      "position": 3
    }
  }, 
  {
    "pk": 325, 
    "model": "app.raceresult", 
    "fields": {
      "player": 4, 
      "race": 79, 
      "position": 0
    }
  }, 
  {
    "pk": 326, 
    "model": "app.raceresult", 
    "fields": {
      "player": 3, 
      "race": 79, 
      "position": 1
    }
  }, 
  {
    "pk": 327, 
    "model": "app.raceresult", 
    "fields": {
      "player": 2, 
      "race": 79, 
      "position": 2
    }
  }, 
  {
    "pk": 328, 
    "model": "app.raceresult", 
    "fields": {
      "player": 1, 
      "race": 79, 
      "position": 3
    }
  }, 
  {
    "pk": 321, 
    "model": "app.raceresult", 
    "fields": {
      "player": 4, 
      "race": 78, 
      "position": 0
    }
  }, 
  {
    "pk": 322, 
    "model": "app.raceresult", 
    "fields": {
      "player": 2, 
      "race": 78, 
      "position": 1
    }
  }, 
  {
    "pk": 323, 
    "model": "app.raceresult", 
    "fields": {
      "player": 1, 
      "race": 78, 
      "position": 2
    }
  }, 
  {
    "pk": 324, 
    "model": "app.raceresult", 
    "fields": {
      "player": 3, 
      "race": 78, 
      "position": 3
    }
  }, 
  {
    "pk": 317, 
    "model": "app.raceresult", 
    "fields": {
      "player": 1, 
      "race": 77, 
      "position": 0
    }
  }, 
  {
    "pk": 318, 
    "model": "app.raceresult", 
    "fields": {
      "player": 3, 
      "race": 77, 
      "position": 1
    }
  }, 
  {
    "pk": 319, 
    "model": "app.raceresult", 
    "fields": {
      "player": 4, 
      "race": 77, 
      "position": 2
    }
  }, 
  {
    "pk": 320, 
    "model": "app.raceresult", 
    "fields": {
      "player": 2, 
      "race": 77, 
      "position": 3
    }
  }, 
  {
    "pk": 313, 
    "model": "app.raceresult", 
    "fields": {
      "player": 3, 
      "race": 76, 
      "position": 0
    }
  }, 
  {
    "pk": 314, 
    "model": "app.raceresult", 
    "fields": {
      "player": 1, 
      "race": 76, 
      "position": 1
    }
  }, 
  {
    "pk": 315, 
    "model": "app.raceresult", 
    "fields": {
      "player": 2, 
      "race": 76, 
      "position": 2
    }
  }, 
  {
    "pk": 316, 
    "model": "app.raceresult", 
    "fields": {
      "player": 4, 
      "race": 76, 
      "position": 3
    }
  }, 
  {
    "pk": 309, 
    "model": "app.raceresult", 
    "fields": {
      "player": 4, 
      "race": 75, 
      "position": 0
    }
  }, 
  {
    "pk": 310, 
    "model": "app.raceresult", 
    "fields": {
      "player": 1, 
      "race": 75, 
      "position": 1
    }
  }, 
  {
    "pk": 311, 
    "model": "app.raceresult", 
    "fields": {
      "player": 2, 
      "race": 75, 
      "position": 2
    }
  }, 
  {
    "pk": 312, 
    "model": "app.raceresult", 
    "fields": {
      "player": 3, 
      "race": 75, 
      "position": 3
    }
  }, 
  {
    "pk": 305, 
    "model": "app.raceresult", 
    "fields": {
      "player": 1, 
      "race": 74, 
      "position": 0
    }
  }, 
  {
    "pk": 306, 
    "model": "app.raceresult", 
    "fields": {
      "player": 4, 
      "race": 74, 
      "position": 1
    }
  }, 
  {
    "pk": 307, 
    "model": "app.raceresult", 
    "fields": {
      "player": 3, 
      "race": 74, 
      "position": 2
    }
  }, 
  {
    "pk": 308, 
    "model": "app.raceresult", 
    "fields": {
      "player": 2, 
      "race": 74, 
      "position": 3
    }
  }, 
  {
    "pk": 301, 
    "model": "app.raceresult", 
    "fields": {
      "player": 1, 
      "race": 73, 
      "position": 0
    }
  }, 
  {
    "pk": 302, 
    "model": "app.raceresult", 
    "fields": {
      "player": 4, 
      "race": 73, 
      "position": 1
    }
  }, 
  {
    "pk": 303, 
    "model": "app.raceresult", 
    "fields": {
      "player": 2, 
      "race": 73, 
      "position": 2
    }
  }, 
  {
    "pk": 304, 
    "model": "app.raceresult", 
    "fields": {
      "player": 6, 
      "race": 73, 
      "position": 3
    }
  }, 
  {
    "pk": 297, 
    "model": "app.raceresult", 
    "fields": {
      "player": 2, 
      "race": 72, 
      "position": 0
    }
  }, 
  {
    "pk": 298, 
    "model": "app.raceresult", 
    "fields": {
      "player": 1, 
      "race": 72, 
      "position": 1
    }
  }, 
  {
    "pk": 299, 
    "model": "app.raceresult", 
    "fields": {
      "player": 4, 
      "race": 72, 
      "position": 2
    }
  }, 
  {
    "pk": 300, 
    "model": "app.raceresult", 
    "fields": {
      "player": 6, 
      "race": 72, 
      "position": 3
    }
  }, 
  {
    "pk": 293, 
    "model": "app.raceresult", 
    "fields": {
      "player": 4, 
      "race": 71, 
      "position": 0
    }
  }, 
  {
    "pk": 294, 
    "model": "app.raceresult", 
    "fields": {
      "player": 2, 
      "race": 71, 
      "position": 1
    }
  }, 
  {
    "pk": 295, 
    "model": "app.raceresult", 
    "fields": {
      "player": 1, 
      "race": 71, 
      "position": 2
    }
  }, 
  {
    "pk": 296, 
    "model": "app.raceresult", 
    "fields": {
      "player": 6, 
      "race": 71, 
      "position": 3
    }
  }, 
  {
    "pk": 289, 
    "model": "app.raceresult", 
    "fields": {
      "player": 1, 
      "race": 70, 
      "position": 0
    }
  }, 
  {
    "pk": 290, 
    "model": "app.raceresult", 
    "fields": {
      "player": 2, 
      "race": 70, 
      "position": 1
    }
  }, 
  {
    "pk": 291, 
    "model": "app.raceresult", 
    "fields": {
      "player": 4, 
      "race": 70, 
      "position": 2
    }
  }, 
  {
    "pk": 292, 
    "model": "app.raceresult", 
    "fields": {
      "player": 6, 
      "race": 70, 
      "position": 3
    }
  }, 
  {
    "pk": 285, 
    "model": "app.raceresult", 
    "fields": {
      "player": 4, 
      "race": 69, 
      "position": 0
    }
  }, 
  {
    "pk": 286, 
    "model": "app.raceresult", 
    "fields": {
      "player": 1, 
      "race": 69, 
      "position": 1
    }
  }, 
  {
    "pk": 287, 
    "model": "app.raceresult", 
    "fields": {
      "player": 2, 
      "race": 69, 
      "position": 2
    }
  }, 
  {
    "pk": 288, 
    "model": "app.raceresult", 
    "fields": {
      "player": 6, 
      "race": 69, 
      "position": 3
    }
  }, 
  {
    "pk": 281, 
    "model": "app.raceresult", 
    "fields": {
      "player": 4, 
      "race": 68, 
      "position": 0
    }
  }, 
  {
    "pk": 282, 
    "model": "app.raceresult", 
    "fields": {
      "player": 1, 
      "race": 68, 
      "position": 1
    }
  }, 
  {
    "pk": 283, 
    "model": "app.raceresult", 
    "fields": {
      "player": 2, 
      "race": 68, 
      "position": 2
    }
  }, 
  {
    "pk": 284, 
    "model": "app.raceresult", 
    "fields": {
      "player": 6, 
      "race": 68, 
      "position": 3
    }
  }, 
  {
    "pk": 277, 
    "model": "app.raceresult", 
    "fields": {
      "player": 4, 
      "race": 67, 
      "position": 0
    }
  }, 
  {
    "pk": 278, 
    "model": "app.raceresult", 
    "fields": {
      "player": 6, 
      "race": 67, 
      "position": 1
    }
  }, 
  {
    "pk": 279, 
    "model": "app.raceresult", 
    "fields": {
      "player": 2, 
      "race": 67, 
      "position": 2
    }
  }, 
  {
    "pk": 280, 
    "model": "app.raceresult", 
    "fields": {
      "player": 1, 
      "race": 67, 
      "position": 3
    }
  }, 
  {
    "pk": 273, 
    "model": "app.raceresult", 
    "fields": {
      "player": 1, 
      "race": 66, 
      "position": 0
    }
  }, 
  {
    "pk": 274, 
    "model": "app.raceresult", 
    "fields": {
      "player": 4, 
      "race": 66, 
      "position": 1
    }
  }, 
  {
    "pk": 275, 
    "model": "app.raceresult", 
    "fields": {
      "player": 2, 
      "race": 66, 
      "position": 2
    }
  }, 
  {
    "pk": 276, 
    "model": "app.raceresult", 
    "fields": {
      "player": 6, 
      "race": 66, 
      "position": 3
    }
  }, 
  {
    "pk": 269, 
    "model": "app.raceresult", 
    "fields": {
      "player": 1, 
      "race": 65, 
      "position": 0
    }
  }, 
  {
    "pk": 270, 
    "model": "app.raceresult", 
    "fields": {
      "player": 6, 
      "race": 65, 
      "position": 1
    }
  }, 
  {
    "pk": 271, 
    "model": "app.raceresult", 
    "fields": {
      "player": 4, 
      "race": 65, 
      "position": 2
    }
  }, 
  {
    "pk": 272, 
    "model": "app.raceresult", 
    "fields": {
      "player": 3, 
      "race": 65, 
      "position": 3
    }
  }, 
  {
    "pk": 265, 
    "model": "app.raceresult", 
    "fields": {
      "player": 3, 
      "race": 64, 
      "position": 0
    }
  }, 
  {
    "pk": 266, 
    "model": "app.raceresult", 
    "fields": {
      "player": 1, 
      "race": 64, 
      "position": 1
    }
  }, 
  {
    "pk": 267, 
    "model": "app.raceresult", 
    "fields": {
      "player": 6, 
      "race": 64, 
      "position": 2
    }
  }, 
  {
    "pk": 268, 
    "model": "app.raceresult", 
    "fields": {
      "player": 4, 
      "race": 64, 
      "position": 3
    }
  }, 
  {
    "pk": 261, 
    "model": "app.raceresult", 
    "fields": {
      "player": 4, 
      "race": 63, 
      "position": 0
    }
  }, 
  {
    "pk": 262, 
    "model": "app.raceresult", 
    "fields": {
      "player": 1, 
      "race": 63, 
      "position": 1
    }
  }, 
  {
    "pk": 263, 
    "model": "app.raceresult", 
    "fields": {
      "player": 3, 
      "race": 63, 
      "position": 2
    }
  }, 
  {
    "pk": 264, 
    "model": "app.raceresult", 
    "fields": {
      "player": 6, 
      "race": 63, 
      "position": 3
    }
  }, 
  {
    "pk": 257, 
    "model": "app.raceresult", 
    "fields": {
      "player": 3, 
      "race": 62, 
      "position": 0
    }
  }, 
  {
    "pk": 258, 
    "model": "app.raceresult", 
    "fields": {
      "player": 4, 
      "race": 62, 
      "position": 1
    }
  }, 
  {
    "pk": 259, 
    "model": "app.raceresult", 
    "fields": {
      "player": 1, 
      "race": 62, 
      "position": 2
    }
  }, 
  {
    "pk": 260, 
    "model": "app.raceresult", 
    "fields": {
      "player": 6, 
      "race": 62, 
      "position": 3
    }
  }, 
  {
    "pk": 253, 
    "model": "app.raceresult", 
    "fields": {
      "player": 4, 
      "race": 61, 
      "position": 0
    }
  }, 
  {
    "pk": 254, 
    "model": "app.raceresult", 
    "fields": {
      "player": 3, 
      "race": 61, 
      "position": 1
    }
  }, 
  {
    "pk": 255, 
    "model": "app.raceresult", 
    "fields": {
      "player": 1, 
      "race": 61, 
      "position": 2
    }
  }, 
  {
    "pk": 256, 
    "model": "app.raceresult", 
    "fields": {
      "player": 6, 
      "race": 61, 
      "position": 3
    }
  }, 
  {
    "pk": 249, 
    "model": "app.raceresult", 
    "fields": {
      "player": 3, 
      "race": 60, 
      "position": 0
    }
  }, 
  {
    "pk": 250, 
    "model": "app.raceresult", 
    "fields": {
      "player": 6, 
      "race": 60, 
      "position": 1
    }
  }, 
  {
    "pk": 251, 
    "model": "app.raceresult", 
    "fields": {
      "player": 1, 
      "race": 60, 
      "position": 2
    }
  }, 
  {
    "pk": 252, 
    "model": "app.raceresult", 
    "fields": {
      "player": 4, 
      "race": 60, 
      "position": 3
    }
  }, 
  {
    "pk": 245, 
    "model": "app.raceresult", 
    "fields": {
      "player": 1, 
      "race": 59, 
      "position": 0
    }
  }, 
  {
    "pk": 246, 
    "model": "app.raceresult", 
    "fields": {
      "player": 3, 
      "race": 59, 
      "position": 1
    }
  }, 
  {
    "pk": 247, 
    "model": "app.raceresult", 
    "fields": {
      "player": 4, 
      "race": 59, 
      "position": 2
    }
  }, 
  {
    "pk": 248, 
    "model": "app.raceresult", 
    "fields": {
      "player": 6, 
      "race": 59, 
      "position": 3
    }
  }, 
  {
    "pk": 241, 
    "model": "app.raceresult", 
    "fields": {
      "player": 3, 
      "race": 58, 
      "position": 0
    }
  }, 
  {
    "pk": 242, 
    "model": "app.raceresult", 
    "fields": {
      "player": 1, 
      "race": 58, 
      "position": 1
    }
  }, 
  {
    "pk": 243, 
    "model": "app.raceresult", 
    "fields": {
      "player": 4, 
      "race": 58, 
      "position": 2
    }
  }, 
  {
    "pk": 244, 
    "model": "app.raceresult", 
    "fields": {
      "player": 6, 
      "race": 58, 
      "position": 3
    }
  }, 
  {
    "pk": 237, 
    "model": "app.raceresult", 
    "fields": {
      "player": 4, 
      "race": 57, 
      "position": 0
    }
  }, 
  {
    "pk": 238, 
    "model": "app.raceresult", 
    "fields": {
      "player": 2, 
      "race": 57, 
      "position": 1
    }
  }, 
  {
    "pk": 239, 
    "model": "app.raceresult", 
    "fields": {
      "player": 3, 
      "race": 57, 
      "position": 2
    }
  }, 
  {
    "pk": 240, 
    "model": "app.raceresult", 
    "fields": {
      "player": 1, 
      "race": 57, 
      "position": 3
    }
  }, 
  {
    "pk": 233, 
    "model": "app.raceresult", 
    "fields": {
      "player": 3, 
      "race": 56, 
      "position": 0
    }
  }, 
  {
    "pk": 234, 
    "model": "app.raceresult", 
    "fields": {
      "player": 2, 
      "race": 56, 
      "position": 1
    }
  }, 
  {
    "pk": 235, 
    "model": "app.raceresult", 
    "fields": {
      "player": 1, 
      "race": 56, 
      "position": 2
    }
  }, 
  {
    "pk": 236, 
    "model": "app.raceresult", 
    "fields": {
      "player": 4, 
      "race": 56, 
      "position": 3
    }
  }, 
  {
    "pk": 229, 
    "model": "app.raceresult", 
    "fields": {
      "player": 1, 
      "race": 55, 
      "position": 0
    }
  }, 
  {
    "pk": 230, 
    "model": "app.raceresult", 
    "fields": {
      "player": 2, 
      "race": 55, 
      "position": 1
    }
  }, 
  {
    "pk": 231, 
    "model": "app.raceresult", 
    "fields": {
      "player": 4, 
      "race": 55, 
      "position": 2
    }
  }, 
  {
    "pk": 232, 
    "model": "app.raceresult", 
    "fields": {
      "player": 3, 
      "race": 55, 
      "position": 3
    }
  }, 
  {
    "pk": 225, 
    "model": "app.raceresult", 
    "fields": {
      "player": 2, 
      "race": 54, 
      "position": 0
    }
  }, 
  {
    "pk": 226, 
    "model": "app.raceresult", 
    "fields": {
      "player": 1, 
      "race": 54, 
      "position": 1
    }
  }, 
  {
    "pk": 227, 
    "model": "app.raceresult", 
    "fields": {
      "player": 4, 
      "race": 54, 
      "position": 2
    }
  }, 
  {
    "pk": 228, 
    "model": "app.raceresult", 
    "fields": {
      "player": 3, 
      "race": 54, 
      "position": 3
    }
  }, 
  {
    "pk": 221, 
    "model": "app.raceresult", 
    "fields": {
      "player": 2, 
      "race": 53, 
      "position": 0
    }
  }, 
  {
    "pk": 222, 
    "model": "app.raceresult", 
    "fields": {
      "player": 3, 
      "race": 53, 
      "position": 1
    }
  }, 
  {
    "pk": 223, 
    "model": "app.raceresult", 
    "fields": {
      "player": 4, 
      "race": 53, 
      "position": 2
    }
  }, 
  {
    "pk": 224, 
    "model": "app.raceresult", 
    "fields": {
      "player": 1, 
      "race": 53, 
      "position": 3
    }
  }, 
  {
    "pk": 217, 
    "model": "app.raceresult", 
    "fields": {
      "player": 1, 
      "race": 52, 
      "position": 0
    }
  }, 
  {
    "pk": 218, 
    "model": "app.raceresult", 
    "fields": {
      "player": 4, 
      "race": 52, 
      "position": 1
    }
  }, 
  {
    "pk": 219, 
    "model": "app.raceresult", 
    "fields": {
      "player": 3, 
      "race": 52, 
      "position": 2
    }
  }, 
  {
    "pk": 220, 
    "model": "app.raceresult", 
    "fields": {
      "player": 2, 
      "race": 52, 
      "position": 3
    }
  }, 
  {
    "pk": 213, 
    "model": "app.raceresult", 
    "fields": {
      "player": 1, 
      "race": 51, 
      "position": 0
    }
  }, 
  {
    "pk": 214, 
    "model": "app.raceresult", 
    "fields": {
      "player": 4, 
      "race": 51, 
      "position": 1
    }
  }, 
  {
    "pk": 215, 
    "model": "app.raceresult", 
    "fields": {
      "player": 3, 
      "race": 51, 
      "position": 2
    }
  }, 
  {
    "pk": 216, 
    "model": "app.raceresult", 
    "fields": {
      "player": 2, 
      "race": 51, 
      "position": 3
    }
  }, 
  {
    "pk": 209, 
    "model": "app.raceresult", 
    "fields": {
      "player": 3, 
      "race": 50, 
      "position": 0
    }
  }, 
  {
    "pk": 210, 
    "model": "app.raceresult", 
    "fields": {
      "player": 4, 
      "race": 50, 
      "position": 1
    }
  }, 
  {
    "pk": 211, 
    "model": "app.raceresult", 
    "fields": {
      "player": 2, 
      "race": 50, 
      "position": 2
    }
  }, 
  {
    "pk": 212, 
    "model": "app.raceresult", 
    "fields": {
      "player": 1, 
      "race": 50, 
      "position": 3
    }
  }, 
  {
    "pk": 205, 
    "model": "app.raceresult", 
    "fields": {
      "player": 4, 
      "race": 49, 
      "position": 0
    }
  }, 
  {
    "pk": 206, 
    "model": "app.raceresult", 
    "fields": {
      "player": 1, 
      "race": 49, 
      "position": 1
    }
  }, 
  {
    "pk": 207, 
    "model": "app.raceresult", 
    "fields": {
      "player": 3, 
      "race": 49, 
      "position": 2
    }
  }, 
  {
    "pk": 208, 
    "model": "app.raceresult", 
    "fields": {
      "player": 2, 
      "race": 49, 
      "position": 3
    }
  }, 
  {
    "pk": 201, 
    "model": "app.raceresult", 
    "fields": {
      "player": 1, 
      "race": 48, 
      "position": 0
    }
  }, 
  {
    "pk": 202, 
    "model": "app.raceresult", 
    "fields": {
      "player": 3, 
      "race": 48, 
      "position": 1
    }
  }, 
  {
    "pk": 203, 
    "model": "app.raceresult", 
    "fields": {
      "player": 4, 
      "race": 48, 
      "position": 2
    }
  }, 
  {
    "pk": 204, 
    "model": "app.raceresult", 
    "fields": {
      "player": 2, 
      "race": 48, 
      "position": 3
    }
  }, 
  {
    "pk": 197, 
    "model": "app.raceresult", 
    "fields": {
      "player": 3, 
      "race": 47, 
      "position": 0
    }
  }, 
  {
    "pk": 198, 
    "model": "app.raceresult", 
    "fields": {
      "player": 2, 
      "race": 47, 
      "position": 1
    }
  }, 
  {
    "pk": 199, 
    "model": "app.raceresult", 
    "fields": {
      "player": 4, 
      "race": 47, 
      "position": 2
    }
  }, 
  {
    "pk": 200, 
    "model": "app.raceresult", 
    "fields": {
      "player": 1, 
      "race": 47, 
      "position": 3
    }
  }, 
  {
    "pk": 193, 
    "model": "app.raceresult", 
    "fields": {
      "player": 1, 
      "race": 46, 
      "position": 0
    }
  }, 
  {
    "pk": 194, 
    "model": "app.raceresult", 
    "fields": {
      "player": 3, 
      "race": 46, 
      "position": 1
    }
  }, 
  {
    "pk": 195, 
    "model": "app.raceresult", 
    "fields": {
      "player": 2, 
      "race": 46, 
      "position": 2
    }
  }, 
  {
    "pk": 196, 
    "model": "app.raceresult", 
    "fields": {
      "player": 4, 
      "race": 46, 
      "position": 3
    }
  }, 
  {
    "pk": 189, 
    "model": "app.raceresult", 
    "fields": {
      "player": 1, 
      "race": 45, 
      "position": 0
    }
  }, 
  {
    "pk": 190, 
    "model": "app.raceresult", 
    "fields": {
      "player": 3, 
      "race": 45, 
      "position": 1
    }
  }, 
  {
    "pk": 191, 
    "model": "app.raceresult", 
    "fields": {
      "player": 2, 
      "race": 45, 
      "position": 2
    }
  }, 
  {
    "pk": 192, 
    "model": "app.raceresult", 
    "fields": {
      "player": 4, 
      "race": 45, 
      "position": 3
    }
  }, 
  {
    "pk": 185, 
    "model": "app.raceresult", 
    "fields": {
      "player": 3, 
      "race": 44, 
      "position": 0
    }
  }, 
  {
    "pk": 186, 
    "model": "app.raceresult", 
    "fields": {
      "player": 4, 
      "race": 44, 
      "position": 1
    }
  }, 
  {
    "pk": 187, 
    "model": "app.raceresult", 
    "fields": {
      "player": 1, 
      "race": 44, 
      "position": 2
    }
  }, 
  {
    "pk": 188, 
    "model": "app.raceresult", 
    "fields": {
      "player": 2, 
      "race": 44, 
      "position": 3
    }
  }, 
  {
    "pk": 181, 
    "model": "app.raceresult", 
    "fields": {
      "player": 1, 
      "race": 43, 
      "position": 0
    }
  }, 
  {
    "pk": 182, 
    "model": "app.raceresult", 
    "fields": {
      "player": 2, 
      "race": 43, 
      "position": 1
    }
  }, 
  {
    "pk": 183, 
    "model": "app.raceresult", 
    "fields": {
      "player": 3, 
      "race": 43, 
      "position": 2
    }
  }, 
  {
    "pk": 184, 
    "model": "app.raceresult", 
    "fields": {
      "player": 4, 
      "race": 43, 
      "position": 3
    }
  }, 
  {
    "pk": 177, 
    "model": "app.raceresult", 
    "fields": {
      "player": 1, 
      "race": 42, 
      "position": 0
    }
  }, 
  {
    "pk": 178, 
    "model": "app.raceresult", 
    "fields": {
      "player": 4, 
      "race": 42, 
      "position": 1
    }
  }, 
  {
    "pk": 179, 
    "model": "app.raceresult", 
    "fields": {
      "player": 3, 
      "race": 42, 
      "position": 2
    }
  }, 
  {
    "pk": 180, 
    "model": "app.raceresult", 
    "fields": {
      "player": 2, 
      "race": 42, 
      "position": 3
    }
  }, 
  {
    "pk": 173, 
    "model": "app.raceresult", 
    "fields": {
      "player": 6, 
      "race": 41, 
      "position": 0
    }
  }, 
  {
    "pk": 174, 
    "model": "app.raceresult", 
    "fields": {
      "player": 1, 
      "race": 41, 
      "position": 1
    }
  }, 
  {
    "pk": 175, 
    "model": "app.raceresult", 
    "fields": {
      "player": 3, 
      "race": 41, 
      "position": 2
    }
  }, 
  {
    "pk": 176, 
    "model": "app.raceresult", 
    "fields": {
      "player": 2, 
      "race": 41, 
      "position": 3
    }
  }, 
  {
    "pk": 169, 
    "model": "app.raceresult", 
    "fields": {
      "player": 3, 
      "race": 40, 
      "position": 0
    }
  }, 
  {
    "pk": 170, 
    "model": "app.raceresult", 
    "fields": {
      "player": 6, 
      "race": 40, 
      "position": 1
    }
  }, 
  {
    "pk": 171, 
    "model": "app.raceresult", 
    "fields": {
      "player": 1, 
      "race": 40, 
      "position": 2
    }
  }, 
  {
    "pk": 172, 
    "model": "app.raceresult", 
    "fields": {
      "player": 2, 
      "race": 40, 
      "position": 3
    }
  }, 
  {
    "pk": 165, 
    "model": "app.raceresult", 
    "fields": {
      "player": 1, 
      "race": 39, 
      "position": 0
    }
  }, 
  {
    "pk": 166, 
    "model": "app.raceresult", 
    "fields": {
      "player": 2, 
      "race": 39, 
      "position": 1
    }
  }, 
  {
    "pk": 167, 
    "model": "app.raceresult", 
    "fields": {
      "player": 3, 
      "race": 39, 
      "position": 2
    }
  }, 
  {
    "pk": 168, 
    "model": "app.raceresult", 
    "fields": {
      "player": 6, 
      "race": 39, 
      "position": 3
    }
  }, 
  {
    "pk": 161, 
    "model": "app.raceresult", 
    "fields": {
      "player": 2, 
      "race": 38, 
      "position": 0
    }
  }, 
  {
    "pk": 162, 
    "model": "app.raceresult", 
    "fields": {
      "player": 3, 
      "race": 38, 
      "position": 1
    }
  }, 
  {
    "pk": 163, 
    "model": "app.raceresult", 
    "fields": {
      "player": 6, 
      "race": 38, 
      "position": 2
    }
  }, 
  {
    "pk": 164, 
    "model": "app.raceresult", 
    "fields": {
      "player": 1, 
      "race": 38, 
      "position": 3
    }
  }, 
  {
    "pk": 157, 
    "model": "app.raceresult", 
    "fields": {
      "player": 2, 
      "race": 37, 
      "position": 0
    }
  }, 
  {
    "pk": 158, 
    "model": "app.raceresult", 
    "fields": {
      "player": 1, 
      "race": 37, 
      "position": 1
    }
  }, 
  {
    "pk": 159, 
    "model": "app.raceresult", 
    "fields": {
      "player": 3, 
      "race": 37, 
      "position": 2
    }
  }, 
  {
    "pk": 160, 
    "model": "app.raceresult", 
    "fields": {
      "player": 6, 
      "race": 37, 
      "position": 3
    }
  }, 
  {
    "pk": 153, 
    "model": "app.raceresult", 
    "fields": {
      "player": 3, 
      "race": 36, 
      "position": 0
    }
  }, 
  {
    "pk": 154, 
    "model": "app.raceresult", 
    "fields": {
      "player": 1, 
      "race": 36, 
      "position": 1
    }
  }, 
  {
    "pk": 155, 
    "model": "app.raceresult", 
    "fields": {
      "player": 2, 
      "race": 36, 
      "position": 2
    }
  }, 
  {
    "pk": 156, 
    "model": "app.raceresult", 
    "fields": {
      "player": 6, 
      "race": 36, 
      "position": 3
    }
  }, 
  {
    "pk": 149, 
    "model": "app.raceresult", 
    "fields": {
      "player": 1, 
      "race": 35, 
      "position": 0
    }
  }, 
  {
    "pk": 150, 
    "model": "app.raceresult", 
    "fields": {
      "player": 2, 
      "race": 35, 
      "position": 1
    }
  }, 
  {
    "pk": 151, 
    "model": "app.raceresult", 
    "fields": {
      "player": 3, 
      "race": 35, 
      "position": 2
    }
  }, 
  {
    "pk": 152, 
    "model": "app.raceresult", 
    "fields": {
      "player": 6, 
      "race": 35, 
      "position": 3
    }
  }, 
  {
    "pk": 145, 
    "model": "app.raceresult", 
    "fields": {
      "player": 2, 
      "race": 34, 
      "position": 0
    }
  }, 
  {
    "pk": 146, 
    "model": "app.raceresult", 
    "fields": {
      "player": 3, 
      "race": 34, 
      "position": 1
    }
  }, 
  {
    "pk": 147, 
    "model": "app.raceresult", 
    "fields": {
      "player": 6, 
      "race": 34, 
      "position": 2
    }
  }, 
  {
    "pk": 148, 
    "model": "app.raceresult", 
    "fields": {
      "player": 1, 
      "race": 34, 
      "position": 3
    }
  }, 
  {
    "pk": 141, 
    "model": "app.raceresult", 
    "fields": {
      "player": 1, 
      "race": 33, 
      "position": 0
    }
  }, 
  {
    "pk": 142, 
    "model": "app.raceresult", 
    "fields": {
      "player": 2, 
      "race": 33, 
      "position": 1
    }
  }, 
  {
    "pk": 143, 
    "model": "app.raceresult", 
    "fields": {
      "player": 3, 
      "race": 33, 
      "position": 2
    }
  }, 
  {
    "pk": 144, 
    "model": "app.raceresult", 
    "fields": {
      "player": 4, 
      "race": 33, 
      "position": 3
    }
  }, 
  {
    "pk": 137, 
    "model": "app.raceresult", 
    "fields": {
      "player": 2, 
      "race": 32, 
      "position": 0
    }
  }, 
  {
    "pk": 138, 
    "model": "app.raceresult", 
    "fields": {
      "player": 1, 
      "race": 32, 
      "position": 1
    }
  }, 
  {
    "pk": 139, 
    "model": "app.raceresult", 
    "fields": {
      "player": 4, 
      "race": 32, 
      "position": 2
    }
  }, 
  {
    "pk": 140, 
    "model": "app.raceresult", 
    "fields": {
      "player": 3, 
      "race": 32, 
      "position": 3
    }
  }, 
  {
    "pk": 133, 
    "model": "app.raceresult", 
    "fields": {
      "player": 3, 
      "race": 31, 
      "position": 0
    }
  }, 
  {
    "pk": 134, 
    "model": "app.raceresult", 
    "fields": {
      "player": 4, 
      "race": 31, 
      "position": 1
    }
  }, 
  {
    "pk": 135, 
    "model": "app.raceresult", 
    "fields": {
      "player": 1, 
      "race": 31, 
      "position": 2
    }
  }, 
  {
    "pk": 136, 
    "model": "app.raceresult", 
    "fields": {
      "player": 2, 
      "race": 31, 
      "position": 3
    }
  }, 
  {
    "pk": 129, 
    "model": "app.raceresult", 
    "fields": {
      "player": 4, 
      "race": 30, 
      "position": 0
    }
  }, 
  {
    "pk": 130, 
    "model": "app.raceresult", 
    "fields": {
      "player": 3, 
      "race": 30, 
      "position": 1
    }
  }, 
  {
    "pk": 131, 
    "model": "app.raceresult", 
    "fields": {
      "player": 2, 
      "race": 30, 
      "position": 2
    }
  }, 
  {
    "pk": 132, 
    "model": "app.raceresult", 
    "fields": {
      "player": 1, 
      "race": 30, 
      "position": 3
    }
  }, 
  {
    "pk": 125, 
    "model": "app.raceresult", 
    "fields": {
      "player": 2, 
      "race": 29, 
      "position": 0
    }
  }, 
  {
    "pk": 126, 
    "model": "app.raceresult", 
    "fields": {
      "player": 1, 
      "race": 29, 
      "position": 1
    }
  }, 
  {
    "pk": 127, 
    "model": "app.raceresult", 
    "fields": {
      "player": 3, 
      "race": 29, 
      "position": 2
    }
  }, 
  {
    "pk": 128, 
    "model": "app.raceresult", 
    "fields": {
      "player": 4, 
      "race": 29, 
      "position": 3
    }
  }, 
  {
    "pk": 121, 
    "model": "app.raceresult", 
    "fields": {
      "player": 4, 
      "race": 28, 
      "position": 0
    }
  }, 
  {
    "pk": 122, 
    "model": "app.raceresult", 
    "fields": {
      "player": 2, 
      "race": 28, 
      "position": 1
    }
  }, 
  {
    "pk": 123, 
    "model": "app.raceresult", 
    "fields": {
      "player": 1, 
      "race": 28, 
      "position": 2
    }
  }, 
  {
    "pk": 124, 
    "model": "app.raceresult", 
    "fields": {
      "player": 3, 
      "race": 28, 
      "position": 3
    }
  }, 
  {
    "pk": 117, 
    "model": "app.raceresult", 
    "fields": {
      "player": 2, 
      "race": 27, 
      "position": 0
    }
  }, 
  {
    "pk": 118, 
    "model": "app.raceresult", 
    "fields": {
      "player": 4, 
      "race": 27, 
      "position": 1
    }
  }, 
  {
    "pk": 119, 
    "model": "app.raceresult", 
    "fields": {
      "player": 1, 
      "race": 27, 
      "position": 2
    }
  }, 
  {
    "pk": 120, 
    "model": "app.raceresult", 
    "fields": {
      "player": 3, 
      "race": 27, 
      "position": 3
    }
  }, 
  {
    "pk": 113, 
    "model": "app.raceresult", 
    "fields": {
      "player": 4, 
      "race": 26, 
      "position": 0
    }
  }, 
  {
    "pk": 114, 
    "model": "app.raceresult", 
    "fields": {
      "player": 1, 
      "race": 26, 
      "position": 1
    }
  }, 
  {
    "pk": 115, 
    "model": "app.raceresult", 
    "fields": {
      "player": 3, 
      "race": 26, 
      "position": 2
    }
  }, 
  {
    "pk": 116, 
    "model": "app.raceresult", 
    "fields": {
      "player": 2, 
      "race": 26, 
      "position": 3
    }
  }, 
  {
    "pk": 105, 
    "model": "app.raceresult", 
    "fields": {
      "player": 2, 
      "race": 24, 
      "position": 0
    }
  }, 
  {
    "pk": 106, 
    "model": "app.raceresult", 
    "fields": {
      "player": 3, 
      "race": 24, 
      "position": 1
    }
  }, 
  {
    "pk": 107, 
    "model": "app.raceresult", 
    "fields": {
      "player": 1, 
      "race": 24, 
      "position": 2
    }
  }, 
  {
    "pk": 108, 
    "model": "app.raceresult", 
    "fields": {
      "player": 6, 
      "race": 24, 
      "position": 3
    }
  }, 
  {
    "pk": 101, 
    "model": "app.raceresult", 
    "fields": {
      "player": 1, 
      "race": 23, 
      "position": 0
    }
  }, 
  {
    "pk": 102, 
    "model": "app.raceresult", 
    "fields": {
      "player": 2, 
      "race": 23, 
      "position": 1
    }
  }, 
  {
    "pk": 103, 
    "model": "app.raceresult", 
    "fields": {
      "player": 6, 
      "race": 23, 
      "position": 2
    }
  }, 
  {
    "pk": 104, 
    "model": "app.raceresult", 
    "fields": {
      "player": 3, 
      "race": 23, 
      "position": 3
    }
  }, 
  {
    "pk": 97, 
    "model": "app.raceresult", 
    "fields": {
      "player": 1, 
      "race": 22, 
      "position": 0
    }
  }, 
  {
    "pk": 98, 
    "model": "app.raceresult", 
    "fields": {
      "player": 3, 
      "race": 22, 
      "position": 1
    }
  }, 
  {
    "pk": 99, 
    "model": "app.raceresult", 
    "fields": {
      "player": 2, 
      "race": 22, 
      "position": 2
    }
  }, 
  {
    "pk": 100, 
    "model": "app.raceresult", 
    "fields": {
      "player": 6, 
      "race": 22, 
      "position": 3
    }
  }, 
  {
    "pk": 93, 
    "model": "app.raceresult", 
    "fields": {
      "player": 2, 
      "race": 21, 
      "position": 0
    }
  }, 
  {
    "pk": 94, 
    "model": "app.raceresult", 
    "fields": {
      "player": 3, 
      "race": 21, 
      "position": 1
    }
  }, 
  {
    "pk": 95, 
    "model": "app.raceresult", 
    "fields": {
      "player": 6, 
      "race": 21, 
      "position": 2
    }
  }, 
  {
    "pk": 96, 
    "model": "app.raceresult", 
    "fields": {
      "player": 1, 
      "race": 21, 
      "position": 3
    }
  }, 
  {
    "pk": 89, 
    "model": "app.raceresult", 
    "fields": {
      "player": 1, 
      "race": 20, 
      "position": 0
    }
  }, 
  {
    "pk": 90, 
    "model": "app.raceresult", 
    "fields": {
      "player": 2, 
      "race": 20, 
      "position": 1
    }
  }, 
  {
    "pk": 91, 
    "model": "app.raceresult", 
    "fields": {
      "player": 6, 
      "race": 20, 
      "position": 2
    }
  }, 
  {
    "pk": 92, 
    "model": "app.raceresult", 
    "fields": {
      "player": 3, 
      "race": 20, 
      "position": 3
    }
  }, 
  {
    "pk": 85, 
    "model": "app.raceresult", 
    "fields": {
      "player": 6, 
      "race": 19, 
      "position": 0
    }
  }, 
  {
    "pk": 86, 
    "model": "app.raceresult", 
    "fields": {
      "player": 3, 
      "race": 19, 
      "position": 1
    }
  }, 
  {
    "pk": 87, 
    "model": "app.raceresult", 
    "fields": {
      "player": 1, 
      "race": 19, 
      "position": 2
    }
  }, 
  {
    "pk": 88, 
    "model": "app.raceresult", 
    "fields": {
      "player": 2, 
      "race": 19, 
      "position": 3
    }
  }, 
  {
    "pk": 81, 
    "model": "app.raceresult", 
    "fields": {
      "player": 1, 
      "race": 18, 
      "position": 0
    }
  }, 
  {
    "pk": 82, 
    "model": "app.raceresult", 
    "fields": {
      "player": 2, 
      "race": 18, 
      "position": 1
    }
  }, 
  {
    "pk": 83, 
    "model": "app.raceresult", 
    "fields": {
      "player": 6, 
      "race": 18, 
      "position": 2
    }
  }, 
  {
    "pk": 84, 
    "model": "app.raceresult", 
    "fields": {
      "player": 3, 
      "race": 18, 
      "position": 3
    }
  }, 
  {
    "pk": 77, 
    "model": "app.raceresult", 
    "fields": {
      "player": 3, 
      "race": 17, 
      "position": 0
    }
  }, 
  {
    "pk": 78, 
    "model": "app.raceresult", 
    "fields": {
      "player": 2, 
      "race": 17, 
      "position": 1
    }
  }, 
  {
    "pk": 79, 
    "model": "app.raceresult", 
    "fields": {
      "player": 6, 
      "race": 17, 
      "position": 2
    }
  }, 
  {
    "pk": 80, 
    "model": "app.raceresult", 
    "fields": {
      "player": 1, 
      "race": 17, 
      "position": 3
    }
  }, 
  {
    "pk": 73, 
    "model": "app.raceresult", 
    "fields": {
      "player": 3, 
      "race": 16, 
      "position": 0
    }
  }, 
  {
    "pk": 74, 
    "model": "app.raceresult", 
    "fields": {
      "player": 4, 
      "race": 16, 
      "position": 1
    }
  }, 
  {
    "pk": 75, 
    "model": "app.raceresult", 
    "fields": {
      "player": 2, 
      "race": 16, 
      "position": 2
    }
  }, 
  {
    "pk": 76, 
    "model": "app.raceresult", 
    "fields": {
      "player": 1, 
      "race": 16, 
      "position": 3
    }
  }, 
  {
    "pk": 69, 
    "model": "app.raceresult", 
    "fields": {
      "player": 2, 
      "race": 15, 
      "position": 0
    }
  }, 
  {
    "pk": 70, 
    "model": "app.raceresult", 
    "fields": {
      "player": 1, 
      "race": 15, 
      "position": 1
    }
  }, 
  {
    "pk": 71, 
    "model": "app.raceresult", 
    "fields": {
      "player": 4, 
      "race": 15, 
      "position": 2
    }
  }, 
  {
    "pk": 72, 
    "model": "app.raceresult", 
    "fields": {
      "player": 3, 
      "race": 15, 
      "position": 3
    }
  }, 
  {
    "pk": 65, 
    "model": "app.raceresult", 
    "fields": {
      "player": 3, 
      "race": 14, 
      "position": 0
    }
  }, 
  {
    "pk": 66, 
    "model": "app.raceresult", 
    "fields": {
      "player": 2, 
      "race": 14, 
      "position": 1
    }
  }, 
  {
    "pk": 67, 
    "model": "app.raceresult", 
    "fields": {
      "player": 4, 
      "race": 14, 
      "position": 2
    }
  }, 
  {
    "pk": 68, 
    "model": "app.raceresult", 
    "fields": {
      "player": 1, 
      "race": 14, 
      "position": 3
    }
  }, 
  {
    "pk": 61, 
    "model": "app.raceresult", 
    "fields": {
      "player": 4, 
      "race": 13, 
      "position": 0
    }
  }, 
  {
    "pk": 62, 
    "model": "app.raceresult", 
    "fields": {
      "player": 2, 
      "race": 13, 
      "position": 1
    }
  }, 
  {
    "pk": 63, 
    "model": "app.raceresult", 
    "fields": {
      "player": 3, 
      "race": 13, 
      "position": 2
    }
  }, 
  {
    "pk": 64, 
    "model": "app.raceresult", 
    "fields": {
      "player": 1, 
      "race": 13, 
      "position": 3
    }
  }, 
  {
    "pk": 57, 
    "model": "app.raceresult", 
    "fields": {
      "player": 2, 
      "race": 12, 
      "position": 0
    }
  }, 
  {
    "pk": 58, 
    "model": "app.raceresult", 
    "fields": {
      "player": 1, 
      "race": 12, 
      "position": 1
    }
  }, 
  {
    "pk": 59, 
    "model": "app.raceresult", 
    "fields": {
      "player": 4, 
      "race": 12, 
      "position": 2
    }
  }, 
  {
    "pk": 60, 
    "model": "app.raceresult", 
    "fields": {
      "player": 3, 
      "race": 12, 
      "position": 3
    }
  }, 
  {
    "pk": 53, 
    "model": "app.raceresult", 
    "fields": {
      "player": 3, 
      "race": 11, 
      "position": 0
    }
  }, 
  {
    "pk": 54, 
    "model": "app.raceresult", 
    "fields": {
      "player": 4, 
      "race": 11, 
      "position": 1
    }
  }, 
  {
    "pk": 55, 
    "model": "app.raceresult", 
    "fields": {
      "player": 1, 
      "race": 11, 
      "position": 2
    }
  }, 
  {
    "pk": 56, 
    "model": "app.raceresult", 
    "fields": {
      "player": 2, 
      "race": 11, 
      "position": 3
    }
  }, 
  {
    "pk": 49, 
    "model": "app.raceresult", 
    "fields": {
      "player": 3, 
      "race": 10, 
      "position": 0
    }
  }, 
  {
    "pk": 50, 
    "model": "app.raceresult", 
    "fields": {
      "player": 4, 
      "race": 10, 
      "position": 1
    }
  }, 
  {
    "pk": 51, 
    "model": "app.raceresult", 
    "fields": {
      "player": 1, 
      "race": 10, 
      "position": 2
    }
  }, 
  {
    "pk": 52, 
    "model": "app.raceresult", 
    "fields": {
      "player": 2, 
      "race": 10, 
      "position": 3
    }
  }, 
  {
    "pk": 33, 
    "model": "app.raceresult", 
    "fields": {
      "player": 2, 
      "race": 9, 
      "position": 0
    }
  }, 
  {
    "pk": 34, 
    "model": "app.raceresult", 
    "fields": {
      "player": 1, 
      "race": 9, 
      "position": 1
    }
  }, 
  {
    "pk": 35, 
    "model": "app.raceresult", 
    "fields": {
      "player": 3, 
      "race": 9, 
      "position": 2
    }
  }, 
  {
    "pk": 36, 
    "model": "app.raceresult", 
    "fields": {
      "player": 4, 
      "race": 9, 
      "position": 3
    }
  }, 
  {
    "pk": 29, 
    "model": "app.raceresult", 
    "fields": {
      "player": 4, 
      "race": 8, 
      "position": 0
    }
  }, 
  {
    "pk": 30, 
    "model": "app.raceresult", 
    "fields": {
      "player": 1, 
      "race": 8, 
      "position": 1
    }
  }, 
  {
    "pk": 31, 
    "model": "app.raceresult", 
    "fields": {
      "player": 2, 
      "race": 8, 
      "position": 2
    }
  }, 
  {
    "pk": 32, 
    "model": "app.raceresult", 
    "fields": {
      "player": 6, 
      "race": 8, 
      "position": 3
    }
  }, 
  {
    "pk": 25, 
    "model": "app.raceresult", 
    "fields": {
      "player": 1, 
      "race": 7, 
      "position": 0
    }
  }, 
  {
    "pk": 26, 
    "model": "app.raceresult", 
    "fields": {
      "player": 2, 
      "race": 7, 
      "position": 1
    }
  }, 
  {
    "pk": 27, 
    "model": "app.raceresult", 
    "fields": {
      "player": 6, 
      "race": 7, 
      "position": 2
    }
  }, 
  {
    "pk": 28, 
    "model": "app.raceresult", 
    "fields": {
      "player": 4, 
      "race": 7, 
      "position": 3
    }
  }, 
  {
    "pk": 21, 
    "model": "app.raceresult", 
    "fields": {
      "player": 4, 
      "race": 6, 
      "position": 0
    }
  }, 
  {
    "pk": 22, 
    "model": "app.raceresult", 
    "fields": {
      "player": 2, 
      "race": 6, 
      "position": 1
    }
  }, 
  {
    "pk": 23, 
    "model": "app.raceresult", 
    "fields": {
      "player": 6, 
      "race": 6, 
      "position": 2
    }
  }, 
  {
    "pk": 24, 
    "model": "app.raceresult", 
    "fields": {
      "player": 1, 
      "race": 6, 
      "position": 3
    }
  }, 
  {
    "pk": 17, 
    "model": "app.raceresult", 
    "fields": {
      "player": 2, 
      "race": 5, 
      "position": 0
    }
  }, 
  {
    "pk": 18, 
    "model": "app.raceresult", 
    "fields": {
      "player": 1, 
      "race": 5, 
      "position": 1
    }
  }, 
  {
    "pk": 19, 
    "model": "app.raceresult", 
    "fields": {
      "player": 6, 
      "race": 5, 
      "position": 2
    }
  }, 
  {
    "pk": 20, 
    "model": "app.raceresult", 
    "fields": {
      "player": 4, 
      "race": 5, 
      "position": 3
    }
  }, 
  {
    "pk": 13, 
    "model": "app.raceresult", 
    "fields": {
      "player": 2, 
      "race": 4, 
      "position": 0
    }
  }, 
  {
    "pk": 14, 
    "model": "app.raceresult", 
    "fields": {
      "player": 1, 
      "race": 4, 
      "position": 1
    }
  }, 
  {
    "pk": 15, 
    "model": "app.raceresult", 
    "fields": {
      "player": 4, 
      "race": 4, 
      "position": 2
    }
  }, 
  {
    "pk": 16, 
    "model": "app.raceresult", 
    "fields": {
      "player": 6, 
      "race": 4, 
      "position": 3
    }
  }, 
  {
    "pk": 9, 
    "model": "app.raceresult", 
    "fields": {
      "player": 4, 
      "race": 3, 
      "position": 0
    }
  }, 
  {
    "pk": 10, 
    "model": "app.raceresult", 
    "fields": {
      "player": 2, 
      "race": 3, 
      "position": 1
    }
  }, 
  {
    "pk": 11, 
    "model": "app.raceresult", 
    "fields": {
      "player": 6, 
      "race": 3, 
      "position": 2
    }
  }, 
  {
    "pk": 12, 
    "model": "app.raceresult", 
    "fields": {
      "player": 1, 
      "race": 3, 
      "position": 3
    }
  }, 
  {
    "pk": 5, 
    "model": "app.raceresult", 
    "fields": {
      "player": 2, 
      "race": 2, 
      "position": 0
    }
  }, 
  {
    "pk": 6, 
    "model": "app.raceresult", 
    "fields": {
      "player": 6, 
      "race": 2, 
      "position": 1
    }
  }, 
  {
    "pk": 7, 
    "model": "app.raceresult", 
    "fields": {
      "player": 4, 
      "race": 2, 
      "position": 2
    }
  }, 
  {
    "pk": 8, 
    "model": "app.raceresult", 
    "fields": {
      "player": 1, 
      "race": 2, 
      "position": 3
    }
  }, 
  {
    "pk": 1, 
    "model": "app.raceresult", 
    "fields": {
      "player": 1, 
      "race": 1, 
      "position": 0
    }
  }, 
  {
    "pk": 2, 
    "model": "app.raceresult", 
    "fields": {
      "player": 2, 
      "race": 1, 
      "position": 1
    }
  }, 
  {
    "pk": 3, 
    "model": "app.raceresult", 
    "fields": {
      "player": 4, 
      "race": 1, 
      "position": 2
    }
  }, 
  {
    "pk": 4, 
    "model": "app.raceresult", 
    "fields": {
      "player": 6, 
      "race": 1, 
      "position": 3
    }
  }, 
  {
    "pk": 137, 
    "model": "app.event", 
    "fields": {
      "event_date": "2011-01-14 16:56:15", 
      "completed": true
    }
  }, 
  {
    "pk": 136, 
    "model": "app.event", 
    "fields": {
      "event_date": "2011-01-14 12:01:52", 
      "completed": true
    }
  }, 
  {
    "pk": 135, 
    "model": "app.event", 
    "fields": {
      "event_date": "2011-01-13 17:21:22", 
      "completed": true
    }
  }, 
  {
    "pk": 132, 
    "model": "app.event", 
    "fields": {
      "event_date": "2011-01-13 12:39:56", 
      "completed": true
    }
  }, 
  {
    "pk": 129, 
    "model": "app.event", 
    "fields": {
      "event_date": "2011-01-12 12:34:39", 
      "completed": true
    }
  }, 
  {
    "pk": 128, 
    "model": "app.event", 
    "fields": {
      "event_date": "2011-01-11 17:04:45", 
      "completed": true
    }
  }, 
  {
    "pk": 127, 
    "model": "app.event", 
    "fields": {
      "event_date": "2011-01-11 12:04:48", 
      "completed": true
    }
  }, 
  {
    "pk": 126, 
    "model": "app.event", 
    "fields": {
      "event_date": "2011-01-10 17:05:47", 
      "completed": true
    }
  }, 
  {
    "pk": 125, 
    "model": "app.event", 
    "fields": {
      "event_date": "2011-01-10 12:04:37", 
      "completed": true
    }
  }, 
  {
    "pk": 123, 
    "model": "app.event", 
    "fields": {
      "event_date": "2011-01-07 17:14:18", 
      "completed": true
    }
  }, 
  {
    "pk": 122, 
    "model": "app.event", 
    "fields": {
      "event_date": "2011-01-06 17:00:24", 
      "completed": true
    }
  }, 
  {
    "pk": 121, 
    "model": "app.event", 
    "fields": {
      "event_date": "2011-01-06 12:01:10", 
      "completed": true
    }
  }, 
  {
    "pk": 120, 
    "model": "app.event", 
    "fields": {
      "event_date": "2011-01-05 17:16:11", 
      "completed": true
    }
  }, 
  {
    "pk": 119, 
    "model": "app.event", 
    "fields": {
      "event_date": "2011-01-05 12:48:34", 
      "completed": true
    }
  }, 
  {
    "pk": 117, 
    "model": "app.event", 
    "fields": {
      "event_date": "2011-01-04 17:04:22", 
      "completed": true
    }
  }, 
  {
    "pk": 116, 
    "model": "app.event", 
    "fields": {
      "event_date": "2010-12-21 17:01:03", 
      "completed": true
    }
  }, 
  {
    "pk": 115, 
    "model": "app.event", 
    "fields": {
      "event_date": "2010-12-21 12:04:00", 
      "completed": true
    }
  }, 
  {
    "pk": 114, 
    "model": "app.event", 
    "fields": {
      "event_date": "2010-12-20 17:00:00", 
      "completed": true
    }
  }, 
  {
    "pk": 69, 
    "model": "app.playerhistory", 
    "fields": {
      "event_thirds": 2, 
      "event_seconds": 7, 
      "race_seconds": 39, 
      "form": 8.5875000000000004, 
      "rating": 1031, 
      "average": 8.4191176470588243, 
      "event_firsts": 5, 
      "player": 1, 
      "points": 1145, 
      "race_firsts": 44, 
      "race_thirds": 27, 
      "race_count": 136, 
      "event": 137, 
      "race_fourths": 26, 
      "event_fourths": 3
    }
  }, 
  {
    "pk": 70, 
    "model": "app.playerhistory", 
    "fields": {
      "event_thirds": 9, 
      "event_seconds": 4, 
      "race_seconds": 32, 
      "form": 7.8125, 
      "rating": 1025, 
      "average": 7.625, 
      "event_firsts": 2, 
      "player": 4, 
      "points": 915, 
      "race_firsts": 31, 
      "race_thirds": 35, 
      "race_count": 120, 
      "event": 137, 
      "race_fourths": 22, 
      "event_fourths": 0
    }
  }, 
  {
    "pk": 71, 
    "model": "app.playerhistory", 
    "fields": {
      "event_thirds": 2, 
      "event_seconds": 4, 
      "race_seconds": 22, 
      "form": 7.4500000000000002, 
      "rating": 1101, 
      "average": 7.5681818181818183, 
      "event_firsts": 2, 
      "player": 3, 
      "points": 666, 
      "race_firsts": 24, 
      "race_thirds": 22, 
      "race_count": 88, 
      "event": 137, 
      "race_fourths": 20, 
      "event_fourths": 3
    }
  }, 
  {
    "pk": 72, 
    "model": "app.playerhistory", 
    "fields": {
      "event_thirds": 4, 
      "event_seconds": 2, 
      "race_seconds": 34, 
      "form": 6.7625000000000002, 
      "rating": 1101, 
      "average": 7.484375, 
      "event_firsts": 8, 
      "player": 2, 
      "points": 958, 
      "race_firsts": 33, 
      "race_thirds": 32, 
      "race_count": 128, 
      "event": 137, 
      "race_fourths": 29, 
      "event_fourths": 2
    }
  }, 
  {
    "pk": 65, 
    "model": "app.playerhistory", 
    "fields": {
      "event_thirds": 4, 
      "event_seconds": 2, 
      "race_seconds": 33, 
      "form": 6.6500000000000004, 
      "rating": 991, 
      "average": 7.333333333333333, 
      "event_firsts": 7, 
      "player": 2, 
      "points": 880, 
      "race_firsts": 29, 
      "race_thirds": 30, 
      "race_count": 120, 
      "event": 136, 
      "race_fourths": 28, 
      "event_fourths": 2
    }
  }, 
  {
    "pk": 66, 
    "model": "app.playerhistory", 
    "fields": {
      "event_thirds": 2, 
      "event_seconds": 3, 
      "race_seconds": 19, 
      "form": 7.4000000000000004, 
      "rating": 1019, 
      "average": 7.4000000000000004, 
      "event_firsts": 2, 
      "player": 3, 
      "points": 592, 
      "race_firsts": 21, 
      "race_thirds": 22, 
      "race_count": 80, 
      "event": 136, 
      "race_fourths": 18, 
      "event_fourths": 3
    }
  }, 
  {
    "pk": 67, 
    "model": "app.playerhistory", 
    "fields": {
      "event_thirds": 8, 
      "event_seconds": 4, 
      "race_seconds": 31, 
      "form": 7.8375000000000004, 
      "rating": 1107, 
      "average": 7.7946428571428568, 
      "event_firsts": 2, 
      "player": 4, 
      "points": 873, 
      "race_firsts": 30, 
      "race_thirds": 31, 
      "race_count": 112, 
      "event": 136, 
      "race_fourths": 20, 
      "event_fourths": 0
    }
  }, 
  {
    "pk": 68, 
    "model": "app.playerhistory", 
    "fields": {
      "event_thirds": 2, 
      "event_seconds": 7, 
      "race_seconds": 36, 
      "form": 9.2249999999999996, 
      "rating": 1141, 
      "average": 8.6484375, 
      "event_firsts": 5, 
      "player": 1, 
      "points": 1107, 
      "race_firsts": 44, 
      "race_thirds": 25, 
      "race_count": 128, 
      "event": 136, 
      "race_fourths": 23, 
      "event_fourths": 2
    }
  }, 
  {
    "pk": 61, 
    "model": "app.playerhistory", 
    "fields": {
      "event_thirds": 8, 
      "event_seconds": 4, 
      "race_seconds": 29, 
      "form": 7.625, 
      "rating": 1022, 
      "average": 7.5673076923076925, 
      "event_firsts": 1, 
      "player": 4, 
      "points": 787, 
      "race_firsts": 26, 
      "race_thirds": 29, 
      "race_count": 104, 
      "event": 135, 
      "race_fourths": 20, 
      "event_fourths": 0
    }
  }, 
  {
    "pk": 62, 
    "model": "app.playerhistory", 
    "fields": {
      "event_thirds": 2, 
      "event_seconds": 6, 
      "race_seconds": 34, 
      "form": 9.1500000000000004, 
      "rating": 1173, 
      "average": 8.6500000000000004, 
      "event_firsts": 5, 
      "player": 1, 
      "points": 1038, 
      "race_firsts": 41, 
      "race_thirds": 24, 
      "race_count": 120, 
      "event": 135, 
      "race_fourths": 21, 
      "event_fourths": 2
    }
  }, 
  {
    "pk": 63, 
    "model": "app.playerhistory", 
    "fields": {
      "event_thirds": 3, 
      "event_seconds": 2, 
      "race_seconds": 30, 
      "form": 7.0, 
      "rating": 1065, 
      "average": 7.4910714285714288, 
      "event_firsts": 7, 
      "player": 2, 
      "points": 839, 
      "race_firsts": 29, 
      "race_thirds": 27, 
      "race_count": 112, 
      "event": 135, 
      "race_fourths": 26, 
      "event_fourths": 2
    }
  }, 
  {
    "pk": 64, 
    "model": "app.playerhistory", 
    "fields": {
      "event_thirds": 0, 
      "event_seconds": 0, 
      "race_seconds": 8, 
      "form": 3.5, 
      "rating": 721, 
      "average": 3.5, 
      "event_firsts": 0, 
      "player": 6, 
      "points": 224, 
      "race_firsts": 3, 
      "race_thirds": 18, 
      "race_count": 64, 
      "event": 135, 
      "race_fourths": 35, 
      "event_fourths": 8
    }
  }, 
  {
    "pk": 57, 
    "model": "app.playerhistory", 
    "fields": {
      "event_thirds": 2, 
      "event_seconds": 6, 
      "race_seconds": 32, 
      "form": 8.7624999999999993, 
      "rating": 1068, 
      "average": 8.5, 
      "event_firsts": 4, 
      "player": 1, 
      "points": 952, 
      "race_firsts": 37, 
      "race_thirds": 22, 
      "race_count": 112, 
      "event": 132, 
      "race_fourths": 21, 
      "event_fourths": 2
    }
  }, 
  {
    "pk": 58, 
    "model": "app.playerhistory", 
    "fields": {
      "event_thirds": 3, 
      "event_seconds": 1, 
      "race_seconds": 28, 
      "form": 7.1624999999999996, 
      "rating": 1056, 
      "average": 7.509615384615385, 
      "event_firsts": 7, 
      "player": 2, 
      "points": 781, 
      "race_firsts": 27, 
      "race_thirds": 25, 
      "race_count": 104, 
      "event": 132, 
      "race_fourths": 24, 
      "event_fourths": 2
    }
  }, 
  {
    "pk": 59, 
    "model": "app.playerhistory", 
    "fields": {
      "event_thirds": 7, 
      "event_seconds": 4, 
      "race_seconds": 26, 
      "form": 7.7000000000000002, 
      "rating": 1045, 
      "average": 7.6875, 
      "event_firsts": 1, 
      "player": 4, 
      "points": 738, 
      "race_firsts": 25, 
      "race_thirds": 28, 
      "race_count": 96, 
      "event": 132, 
      "race_fourths": 17, 
      "event_fourths": 0
    }
  }, 
  {
    "pk": 60, 
    "model": "app.playerhistory", 
    "fields": {
      "event_thirds": 2, 
      "event_seconds": 3, 
      "race_seconds": 18, 
      "form": 7.6805555555555554, 
      "rating": 1110, 
      "average": 7.6805555555555554, 
      "event_firsts": 2, 
      "player": 3, 
      "points": 553, 
      "race_firsts": 20, 
      "race_thirds": 19, 
      "race_count": 72, 
      "event": 132, 
      "race_fourths": 15, 
      "event_fourths": 2
    }
  }, 
  {
    "pk": 53, 
    "model": "app.playerhistory", 
    "fields": {
      "event_thirds": 3, 
      "event_seconds": 1, 
      "race_seconds": 27, 
      "form": 7.125, 
      "rating": 968, 
      "average": 7.385416666666667, 
      "event_firsts": 6, 
      "player": 2, 
      "points": 709, 
      "race_firsts": 23, 
      "race_thirds": 25, 
      "race_count": 96, 
      "event": 129, 
      "race_fourths": 21, 
      "event_fourths": 2
    }
  }, 
  {
    "pk": 54, 
    "model": "app.playerhistory", 
    "fields": {
      "event_thirds": 2, 
      "event_seconds": 2, 
      "race_seconds": 16, 
      "form": 7.5625, 
      "rating": 1068, 
      "average": 7.5625, 
      "event_firsts": 2, 
      "player": 3, 
      "points": 484, 
      "race_firsts": 17, 
      "race_thirds": 18, 
      "race_count": 64, 
      "event": 129, 
      "race_fourths": 13, 
      "event_fourths": 2
    }
  }, 
  {
    "pk": 55, 
    "model": "app.playerhistory", 
    "fields": {
      "event_thirds": 6, 
      "event_seconds": 4, 
      "race_seconds": 24, 
      "form": 7.8125, 
      "rating": 1071, 
      "average": 7.8181818181818183, 
      "event_firsts": 1, 
      "player": 4, 
      "points": 688, 
      "race_firsts": 24, 
      "race_thirds": 24, 
      "race_count": 88, 
      "event": 129, 
      "race_fourths": 16, 
      "event_fourths": 0
    }
  }, 
  {
    "pk": 56, 
    "model": "app.playerhistory", 
    "fields": {
      "event_thirds": 2, 
      "event_seconds": 6, 
      "race_seconds": 29, 
      "form": 9.125, 
      "rating": 1172, 
      "average": 8.759615384615385, 
      "event_firsts": 4, 
      "player": 1, 
      "points": 911, 
      "race_firsts": 37, 
      "race_thirds": 19, 
      "race_count": 104, 
      "event": 129, 
      "race_fourths": 19, 
      "event_fourths": 1
    }
  }, 
  {
    "pk": 49, 
    "model": "app.playerhistory", 
    "fields": {
      "event_thirds": 3, 
      "event_seconds": 1, 
      "race_seconds": 26, 
      "form": 7.25, 
      "rating": 893, 
      "average": 7.2045454545454541, 
      "event_firsts": 5, 
      "player": 2, 
      "points": 634, 
      "race_firsts": 19, 
      "race_thirds": 24, 
      "race_count": 88, 
      "event": 128, 
      "race_fourths": 19, 
      "event_fourths": 2
    }
  }, 
  {
    "pk": 50, 
    "model": "app.playerhistory", 
    "fields": {
      "event_thirds": 2, 
      "event_seconds": 5, 
      "race_seconds": 27, 
      "form": 8.6999999999999993, 
      "rating": 1202, 
      "average": 8.7395833333333339, 
      "event_firsts": 4, 
      "player": 1, 
      "points": 839, 
      "race_firsts": 34, 
      "race_thirds": 17, 
      "race_count": 96, 
      "event": 128, 
      "race_fourths": 18, 
      "event_fourths": 1
    }
  }, 
  {
    "pk": 51, 
    "model": "app.playerhistory", 
    "fields": {
      "event_thirds": 5, 
      "event_seconds": 4, 
      "race_seconds": 19, 
      "form": 7.7874999999999996, 
      "rating": 1092, 
      "average": 7.7874999999999996, 
      "event_firsts": 1, 
      "player": 4, 
      "points": 623, 
      "race_firsts": 23, 
      "race_thirds": 23, 
      "race_count": 80, 
      "event": 128, 
      "race_fourths": 15, 
      "event_fourths": 0
    }
  }, 
  {
    "pk": 52, 
    "model": "app.playerhistory", 
    "fields": {
      "event_thirds": 0, 
      "event_seconds": 0, 
      "race_seconds": 8, 
      "form": 3.6428571428571428, 
      "rating": 745, 
      "average": 3.6428571428571428, 
      "event_firsts": 0, 
      "player": 6, 
      "points": 204, 
      "race_firsts": 3, 
      "race_thirds": 14, 
      "race_count": 56, 
      "event": 128, 
      "race_fourths": 31, 
      "event_fourths": 7
    }
  }, 
  {
    "pk": 45, 
    "model": "app.playerhistory", 
    "fields": {
      "event_thirds": 2, 
      "event_seconds": 5, 
      "race_seconds": 24, 
      "form": 8.3125, 
      "rating": 1173, 
      "average": 8.5, 
      "event_firsts": 3, 
      "player": 1, 
      "points": 748, 
      "race_firsts": 30, 
      "race_thirds": 16, 
      "race_count": 88, 
      "event": 127, 
      "race_fourths": 18, 
      "event_fourths": 1
    }
  }, 
  {
    "pk": 46, 
    "model": "app.playerhistory", 
    "fields": {
      "event_thirds": 5, 
      "event_seconds": 3, 
      "race_seconds": 17, 
      "form": 7.6111111111111107, 
      "rating": 1081, 
      "average": 7.6111111111111107, 
      "event_firsts": 1, 
      "player": 4, 
      "points": 548, 
      "race_firsts": 20, 
      "race_thirds": 20, 
      "race_count": 72, 
      "event": 127, 
      "race_fourths": 15, 
      "event_fourths": 0
    }
  }, 
  {
    "pk": 47, 
    "model": "app.playerhistory", 
    "fields": {
      "event_thirds": 2, 
      "event_seconds": 1, 
      "race_seconds": 23, 
      "form": 7.4500000000000002, 
      "rating": 927, 
      "average": 7.4500000000000002, 
      "event_firsts": 5, 
      "player": 2, 
      "points": 596, 
      "race_firsts": 19, 
      "race_thirds": 22, 
      "race_count": 80, 
      "event": 127, 
      "race_fourths": 16, 
      "event_fourths": 2
    }
  }, 
  {
    "pk": 48, 
    "model": "app.playerhistory", 
    "fields": {
      "event_thirds": 0, 
      "event_seconds": 0, 
      "race_seconds": 8, 
      "form": 3.6666666666666665, 
      "rating": 751, 
      "average": 3.6666666666666665, 
      "event_firsts": 0, 
      "player": 6, 
      "points": 176, 
      "race_firsts": 2, 
      "race_thirds": 12, 
      "race_count": 48, 
      "event": 127, 
      "race_fourths": 26, 
      "event_fourths": 6
    }
  }, 
  {
    "pk": 41, 
    "model": "app.playerhistory", 
    "fields": {
      "event_thirds": 2, 
      "event_seconds": 5, 
      "race_seconds": 22, 
      "form": 8.3125, 
      "rating": 1101, 
      "average": 8.3125, 
      "event_firsts": 2, 
      "player": 1, 
      "points": 665, 
      "race_firsts": 26, 
      "race_thirds": 15, 
      "race_count": 80, 
      "event": 126, 
      "race_fourths": 17, 
      "event_fourths": 1
    }
  }, 
  {
    "pk": 42, 
    "model": "app.playerhistory", 
    "fields": {
      "event_thirds": 5, 
      "event_seconds": 2, 
      "race_seconds": 16, 
      "form": 7.5625, 
      "rating": 1062, 
      "average": 7.5625, 
      "event_firsts": 1, 
      "player": 4, 
      "points": 484, 
      "race_firsts": 17, 
      "race_thirds": 18, 
      "race_count": 64, 
      "event": 126, 
      "race_fourths": 13, 
      "event_fourths": 0
    }
  }, 
  {
    "pk": 43, 
    "model": "app.playerhistory", 
    "fields": {
      "event_thirds": 1, 
      "event_seconds": 2, 
      "race_seconds": 13, 
      "form": 7.7142857142857144, 
      "rating": 1109, 
      "average": 7.7142857142857144, 
      "event_firsts": 2, 
      "player": 3, 
      "points": 432, 
      "race_firsts": 16, 
      "race_thirds": 16, 
      "race_count": 56, 
      "event": 126, 
      "race_fourths": 11, 
      "event_fourths": 2
    }
  }, 
  {
    "pk": 44, 
    "model": "app.playerhistory", 
    "fields": {
      "event_thirds": 2, 
      "event_seconds": 1, 
      "race_seconds": 21, 
      "form": 7.8194444444444446, 
      "rating": 977, 
      "average": 7.8194444444444446, 
      "event_firsts": 5, 
      "player": 2, 
      "points": 563, 
      "race_firsts": 19, 
      "race_thirds": 19, 
      "race_count": 72, 
      "event": 126, 
      "race_fourths": 13, 
      "event_fourths": 1
    }
  }, 
  {
    "pk": 37, 
    "model": "app.playerhistory", 
    "fields": {
      "event_thirds": 5, 
      "event_seconds": 2, 
      "race_seconds": 14, 
      "form": 7.1071428571428568, 
      "rating": 979, 
      "average": 7.1071428571428568, 
      "event_firsts": 0, 
      "player": 4, 
      "points": 398, 
      "race_firsts": 13, 
      "race_thirds": 16, 
      "race_count": 56, 
      "event": 125, 
      "race_fourths": 13, 
      "event_fourths": 0
    }
  }, 
  {
    "pk": 38, 
    "model": "app.playerhistory", 
    "fields": {
      "event_thirds": 2, 
      "event_seconds": 4, 
      "race_seconds": 19, 
      "form": 8.1666666666666661, 
      "rating": 1096, 
      "average": 8.1666666666666661, 
      "event_firsts": 2, 
      "player": 1, 
      "points": 588, 
      "race_firsts": 23, 
      "race_thirds": 14, 
      "race_count": 72, 
      "event": 125, 
      "race_fourths": 16, 
      "event_fourths": 1
    }
  }, 
  {
    "pk": 39, 
    "model": "app.playerhistory", 
    "fields": {
      "event_thirds": 1, 
      "event_seconds": 1, 
      "race_seconds": 19, 
      "form": 7.96875, 
      "rating": 1003, 
      "average": 7.96875, 
      "event_firsts": 5, 
      "player": 2, 
      "points": 510, 
      "race_firsts": 18, 
      "race_thirds": 14, 
      "race_count": 64, 
      "event": 125, 
      "race_fourths": 13, 
      "event_fourths": 1
    }
  }, 
  {
    "pk": 40, 
    "model": "app.playerhistory", 
    "fields": {
      "event_thirds": 0, 
      "event_seconds": 0, 
      "race_seconds": 7, 
      "form": 4.0, 
      "rating": 813, 
      "average": 4.0, 
      "event_firsts": 0, 
      "player": 6, 
      "points": 160, 
      "race_firsts": 2, 
      "race_thirds": 12, 
      "race_count": 40, 
      "event": 125, 
      "race_fourths": 19, 
      "event_fourths": 5
    }
  }, 
  {
    "pk": 33, 
    "model": "app.playerhistory", 
    "fields": {
      "event_thirds": 1, 
      "event_seconds": 2, 
      "race_seconds": 11, 
      "form": 7.270833333333333, 
      "rating": 1041, 
      "average": 7.270833333333333, 
      "event_firsts": 1, 
      "player": 3, 
      "points": 349, 
      "race_firsts": 12, 
      "race_thirds": 15, 
      "race_count": 48, 
      "event": 123, 
      "race_fourths": 10, 
      "event_fourths": 2
    }
  }, 
  {
    "pk": 34, 
    "model": "app.playerhistory", 
    "fields": {
      "event_thirds": 2, 
      "event_seconds": 3, 
      "race_seconds": 16, 
      "form": 8.109375, 
      "rating": 1106, 
      "average": 8.109375, 
      "event_firsts": 2, 
      "player": 1, 
      "points": 519, 
      "race_firsts": 21, 
      "race_thirds": 11, 
      "race_count": 64, 
      "event": 123, 
      "race_fourths": 16, 
      "event_fourths": 1
    }
  }, 
  {
    "pk": 35, 
    "model": "app.playerhistory", 
    "fields": {
      "event_thirds": 4, 
      "event_seconds": 2, 
      "race_seconds": 13, 
      "form": 7.1875, 
      "rating": 1008, 
      "average": 7.1875, 
      "event_firsts": 0, 
      "player": 4, 
      "points": 345, 
      "race_firsts": 11, 
      "race_thirds": 13, 
      "race_count": 48, 
      "event": 123, 
      "race_fourths": 11, 
      "event_fourths": 0
    }
  }, 
  {
    "pk": 36, 
    "model": "app.playerhistory", 
    "fields": {
      "event_thirds": 0, 
      "event_seconds": 0, 
      "race_seconds": 5, 
      "form": 4.15625, 
      "rating": 842, 
      "average": 4.15625, 
      "event_firsts": 0, 
      "player": 6, 
      "points": 133, 
      "race_firsts": 2, 
      "race_thirds": 11, 
      "race_count": 32, 
      "event": 123, 
      "race_fourths": 14, 
      "event_fourths": 4
    }
  }, 
  {
    "pk": 29, 
    "model": "app.playerhistory", 
    "fields": {
      "event_thirds": 1, 
      "event_seconds": 1, 
      "race_seconds": 16, 
      "form": 7.9821428571428568, 
      "rating": 960, 
      "average": 7.9821428571428568, 
      "event_firsts": 4, 
      "player": 2, 
      "points": 447, 
      "race_firsts": 16, 
      "race_thirds": 13, 
      "race_count": 56, 
      "event": 122, 
      "race_fourths": 11, 
      "event_fourths": 1
    }
  }, 
  {
    "pk": 30, 
    "model": "app.playerhistory", 
    "fields": {
      "event_thirds": 2, 
      "event_seconds": 2, 
      "race_seconds": 15, 
      "form": 8.1785714285714288, 
      "rating": 1142, 
      "average": 8.1785714285714288, 
      "event_firsts": 2, 
      "player": 1, 
      "points": 458, 
      "race_firsts": 18, 
      "race_thirds": 10, 
      "race_count": 56, 
      "event": 122, 
      "race_fourths": 13, 
      "event_fourths": 1
    }
  }, 
  {
    "pk": 31, 
    "model": "app.playerhistory", 
    "fields": {
      "event_thirds": 3, 
      "event_seconds": 2, 
      "race_seconds": 10, 
      "form": 7.25, 
      "rating": 989, 
      "average": 7.25, 
      "event_firsts": 0, 
      "player": 4, 
      "points": 290, 
      "race_firsts": 10, 
      "race_thirds": 10, 
      "race_count": 40, 
      "event": 122, 
      "race_fourths": 10, 
      "event_fourths": 0
    }
  }, 
  {
    "pk": 32, 
    "model": "app.playerhistory", 
    "fields": {
      "event_thirds": 1, 
      "event_seconds": 2, 
      "race_seconds": 10, 
      "form": 7.4000000000000004, 
      "rating": 1067, 
      "average": 7.4000000000000004, 
      "event_firsts": 1, 
      "player": 3, 
      "points": 296, 
      "race_firsts": 10, 
      "race_thirds": 12, 
      "race_count": 40, 
      "event": 122, 
      "race_fourths": 8, 
      "event_fourths": 1
    }
  }, 
  {
    "pk": 25, 
    "model": "app.playerhistory", 
    "fields": {
      "event_thirds": 2, 
      "event_seconds": 2, 
      "race_seconds": 14, 
      "form": 7.6875, 
      "rating": 1015, 
      "average": 7.6875, 
      "event_firsts": 1, 
      "player": 1, 
      "points": 369, 
      "race_firsts": 13, 
      "race_thirds": 9, 
      "race_count": 48, 
      "event": 121, 
      "race_fourths": 12, 
      "event_fourths": 1
    }
  }, 
  {
    "pk": 26, 
    "model": "app.playerhistory", 
    "fields": {
      "event_thirds": 1, 
      "event_seconds": 1, 
      "race_seconds": 7, 
      "form": 7.09375, 
      "rating": 998, 
      "average": 7.09375, 
      "event_firsts": 1, 
      "player": 3, 
      "points": 227, 
      "race_firsts": 8, 
      "race_thirds": 9, 
      "race_count": 32, 
      "event": 121, 
      "race_fourths": 8, 
      "event_fourths": 1
    }
  }, 
  {
    "pk": 27, 
    "model": "app.playerhistory", 
    "fields": {
      "event_thirds": 2, 
      "event_seconds": 2, 
      "race_seconds": 8, 
      "form": 7.6875, 
      "rating": 1052, 
      "average": 7.6875, 
      "event_firsts": 0, 
      "player": 4, 
      "points": 246, 
      "race_firsts": 9, 
      "race_thirds": 8, 
      "race_count": 32, 
      "event": 121, 
      "race_fourths": 7, 
      "event_fourths": 0
    }
  }, 
  {
    "pk": 28, 
    "model": "app.playerhistory", 
    "fields": {
      "event_thirds": 1, 
      "event_seconds": 1, 
      "race_seconds": 14, 
      "form": 8.6875, 
      "rating": 1093, 
      "average": 8.6875, 
      "event_firsts": 4, 
      "player": 2, 
      "points": 417, 
      "race_firsts": 16, 
      "race_thirds": 11, 
      "race_count": 48, 
      "event": 121, 
      "race_fourths": 7, 
      "event_fourths": 0
    }
  }, 
  {
    "pk": 21, 
    "model": "app.playerhistory", 
    "fields": {
      "event_thirds": 1, 
      "event_seconds": 1, 
      "race_seconds": 12, 
      "form": 8.6999999999999993, 
      "rating": 1116, 
      "average": 8.6999999999999993, 
      "event_firsts": 3, 
      "player": 2, 
      "points": 348, 
      "race_firsts": 13, 
      "race_thirds": 10, 
      "race_count": 40, 
      "event": 120, 
      "race_fourths": 5, 
      "event_fourths": 0
    }
  }, 
  {
    "pk": 22, 
    "model": "app.playerhistory", 
    "fields": {
      "event_thirds": 1, 
      "event_seconds": 0, 
      "race_seconds": 5, 
      "form": 6.791666666666667, 
      "rating": 956, 
      "average": 6.791666666666667, 
      "event_firsts": 1, 
      "player": 3, 
      "points": 163, 
      "race_firsts": 6, 
      "race_thirds": 5, 
      "race_count": 24, 
      "event": 120, 
      "race_fourths": 8, 
      "event_fourths": 1
    }
  }, 
  {
    "pk": 23, 
    "model": "app.playerhistory", 
    "fields": {
      "event_thirds": 1, 
      "event_seconds": 2, 
      "race_seconds": 11, 
      "form": 7.6500000000000004, 
      "rating": 1018, 
      "average": 7.6500000000000004, 
      "event_firsts": 1, 
      "player": 1, 
      "points": 306, 
      "race_firsts": 11, 
      "race_thirds": 8, 
      "race_count": 40, 
      "event": 120, 
      "race_fourths": 10, 
      "event_fourths": 1
    }
  }, 
  {
    "pk": 24, 
    "model": "app.playerhistory", 
    "fields": {
      "event_thirds": 0, 
      "event_seconds": 0, 
      "race_seconds": 4, 
      "form": 4.041666666666667, 
      "rating": 858, 
      "average": 4.041666666666667, 
      "event_firsts": 0, 
      "player": 6, 
      "points": 97, 
      "race_firsts": 1, 
      "race_thirds": 9, 
      "race_count": 24, 
      "event": 120, 
      "race_fourths": 10, 
      "event_fourths": 3
    }
  }, 
  {
    "pk": 17, 
    "model": "app.playerhistory", 
    "fields": {
      "event_thirds": 1, 
      "event_seconds": 1, 
      "race_seconds": 10, 
      "form": 8.71875, 
      "rating": 1108, 
      "average": 8.71875, 
      "event_firsts": 2, 
      "player": 2, 
      "points": 279, 
      "race_firsts": 10, 
      "race_thirds": 9, 
      "race_count": 32, 
      "event": 119, 
      "race_fourths": 3, 
      "event_fourths": 0
    }
  }, 
  {
    "pk": 18, 
    "model": "app.playerhistory", 
    "fields": {
      "event_thirds": 2, 
      "event_seconds": 1, 
      "race_seconds": 6, 
      "form": 7.375, 
      "rating": 1006, 
      "average": 7.375, 
      "event_firsts": 0, 
      "player": 4, 
      "points": 177, 
      "race_firsts": 6, 
      "race_thirds": 7, 
      "race_count": 24, 
      "event": 119, 
      "race_fourths": 5, 
      "event_fourths": 0
    }
  }, 
  {
    "pk": 19, 
    "model": "app.playerhistory", 
    "fields": {
      "event_thirds": 0, 
      "event_seconds": 2, 
      "race_seconds": 8, 
      "form": 7.84375, 
      "rating": 1014, 
      "average": 7.84375, 
      "event_firsts": 1, 
      "player": 1, 
      "points": 251, 
      "race_firsts": 10, 
      "race_thirds": 5, 
      "race_count": 32, 
      "event": 119, 
      "race_fourths": 9, 
      "event_fourths": 1
    }
  }, 
  {
    "pk": 20, 
    "model": "app.playerhistory", 
    "fields": {
      "event_thirds": 1, 
      "event_seconds": 0, 
      "race_seconds": 4, 
      "form": 7.75, 
      "rating": 1014, 
      "average": 7.75, 
      "event_firsts": 1, 
      "player": 3, 
      "points": 124, 
      "race_firsts": 5, 
      "race_thirds": 2, 
      "race_count": 16, 
      "event": 119, 
      "race_fourths": 5, 
      "event_fourths": 0
    }
  }, 
  {
    "pk": 13, 
    "model": "app.playerhistory", 
    "fields": {
      "event_thirds": 1, 
      "event_seconds": 1, 
      "race_seconds": 6, 
      "form": 8.6666666666666661, 
      "rating": 1102, 
      "average": 8.6666666666666661, 
      "event_firsts": 1, 
      "player": 2, 
      "points": 208, 
      "race_firsts": 8, 
      "race_thirds": 8, 
      "race_count": 24, 
      "event": 117, 
      "race_fourths": 2, 
      "event_fourths": 0
    }
  }, 
  {
    "pk": 14, 
    "model": "app.playerhistory", 
    "fields": {
      "event_thirds": 0, 
      "event_seconds": 1, 
      "race_seconds": 8, 
      "form": 7.541666666666667, 
      "rating": 968, 
      "average": 7.541666666666667, 
      "event_firsts": 1, 
      "player": 1, 
      "points": 181, 
      "race_firsts": 6, 
      "race_thirds": 3, 
      "race_count": 24, 
      "event": 117, 
      "race_fourths": 7, 
      "event_fourths": 1
    }
  }, 
  {
    "pk": 15, 
    "model": "app.playerhistory", 
    "fields": {
      "event_thirds": 0, 
      "event_seconds": 0, 
      "race_seconds": 0, 
      "form": 8.75, 
      "rating": 1050, 
      "average": 8.75, 
      "event_firsts": 1, 
      "player": 3, 
      "points": 70, 
      "race_firsts": 4, 
      "race_thirds": 2, 
      "race_count": 8, 
      "event": 117, 
      "race_fourths": 2, 
      "event_fourths": 0
    }
  }, 
  {
    "pk": 16, 
    "model": "app.playerhistory", 
    "fields": {
      "event_thirds": 0, 
      "event_seconds": 0, 
      "race_seconds": 4, 
      "form": 3.75, 
      "rating": 874, 
      "average": 3.75, 
      "event_firsts": 0, 
      "player": 6, 
      "points": 60, 
      "race_firsts": 0, 
      "race_thirds": 4, 
      "race_count": 16, 
      "event": 117, 
      "race_fourths": 8, 
      "event_fourths": 2
    }
  }, 
  {
    "pk": 9, 
    "model": "app.playerhistory", 
    "fields": {
      "event_thirds": 0, 
      "event_seconds": 0, 
      "race_seconds": 0, 
      "form": 0.0, 
      "rating": 1000, 
      "average": 0.0, 
      "event_firsts": 0, 
      "player": 3, 
      "points": 0, 
      "race_firsts": 0, 
      "race_thirds": 0, 
      "race_count": 0, 
      "event": 116, 
      "race_fourths": 0, 
      "event_fourths": 0
    }
  }, 
  {
    "pk": 10, 
    "model": "app.playerhistory", 
    "fields": {
      "event_thirds": 1, 
      "event_seconds": 0, 
      "race_seconds": 4, 
      "form": 8.6875, 
      "rating": 1093, 
      "average": 8.6875, 
      "event_firsts": 1, 
      "player": 2, 
      "points": 139, 
      "race_firsts": 5, 
      "race_thirds": 7, 
      "race_count": 16, 
      "event": 116, 
      "race_fourths": 0, 
      "event_fourths": 0
    }
  }, 
  {
    "pk": 11, 
    "model": "app.playerhistory", 
    "fields": {
      "event_thirds": 1, 
      "event_seconds": 1, 
      "race_seconds": 3, 
      "form": 7.625, 
      "rating": 1002, 
      "average": 7.625, 
      "event_firsts": 0, 
      "player": 4, 
      "points": 122, 
      "race_firsts": 5, 
      "race_thirds": 4, 
      "race_count": 16, 
      "event": 116, 
      "race_fourths": 4, 
      "event_fourths": 0
    }
  }, 
  {
    "pk": 12, 
    "model": "app.playerhistory", 
    "fields": {
      "event_thirds": 0, 
      "event_seconds": 1, 
      "race_seconds": 5, 
      "form": 8.9375, 
      "rating": 1031, 
      "average": 8.9375, 
      "event_firsts": 1, 
      "player": 1, 
      "points": 143, 
      "race_firsts": 6, 
      "race_thirds": 1, 
      "race_count": 16, 
      "event": 116, 
      "race_fourths": 4, 
      "event_fourths": 0
    }
  }, 
  {
    "pk": 5, 
    "model": "app.playerhistory", 
    "fields": {
      "event_thirds": 1, 
      "event_seconds": 0, 
      "race_seconds": 0, 
      "form": 6.75, 
      "rating": 991, 
      "average": 6.75, 
      "event_firsts": 0, 
      "player": 2, 
      "points": 54, 
      "race_firsts": 2, 
      "race_thirds": 6, 
      "race_count": 8, 
      "event": 115, 
      "race_fourths": 0, 
      "event_fourths": 0
    }
  }, 
  {
    "pk": 6, 
    "model": "app.playerhistory", 
    "fields": {
      "event_thirds": 0, 
      "event_seconds": 0, 
      "race_seconds": 2, 
      "form": 10.375, 
      "rating": 1051, 
      "average": 10.375, 
      "event_firsts": 1, 
      "player": 1, 
      "points": 83, 
      "race_firsts": 4, 
      "race_thirds": 1, 
      "race_count": 8, 
      "event": 115, 
      "race_fourths": 1, 
      "event_fourths": 0
    }
  }, 
  {
    "pk": 7, 
    "model": "app.playerhistory", 
    "fields": {
      "event_thirds": 0, 
      "event_seconds": 1, 
      "race_seconds": 3, 
      "form": 7.875, 
      "rating": 1011, 
      "average": 7.875, 
      "event_firsts": 0, 
      "player": 4, 
      "points": 63, 
      "race_firsts": 2, 
      "race_thirds": 1, 
      "race_count": 8, 
      "event": 115, 
      "race_fourths": 2, 
      "event_fourths": 0
    }
  }, 
  {
    "pk": 8, 
    "model": "app.playerhistory", 
    "fields": {
      "event_thirds": 0, 
      "event_seconds": 0, 
      "race_seconds": 3, 
      "form": 4.0, 
      "rating": 947, 
      "average": 4.0, 
      "event_firsts": 0, 
      "player": 6, 
      "points": 32, 
      "race_firsts": 0, 
      "race_thirds": 0, 
      "race_count": 8, 
      "event": 115, 
      "race_fourths": 5, 
      "event_fourths": 1
    }
  }, 
  {
    "pk": 1, 
    "model": "app.playerhistory", 
    "fields": {
      "event_thirds": 0, 
      "event_seconds": 0, 
      "race_seconds": 0, 
      "form": 0.0, 
      "rating": 1000, 
      "average": 0.0, 
      "event_firsts": 0, 
      "player": 1, 
      "points": 0, 
      "race_firsts": 0, 
      "race_thirds": 0, 
      "race_count": 0, 
      "event": 114, 
      "race_fourths": 0, 
      "event_fourths": 0
    }
  }, 
  {
    "pk": 2, 
    "model": "app.playerhistory", 
    "fields": {
      "event_thirds": 0, 
      "event_seconds": 0, 
      "race_seconds": 0, 
      "form": 0.0, 
      "rating": 1000, 
      "average": 0.0, 
      "event_firsts": 0, 
      "player": 4, 
      "points": 0, 
      "race_firsts": 0, 
      "race_thirds": 0, 
      "race_count": 0, 
      "event": 114, 
      "race_fourths": 0, 
      "event_fourths": 0
    }
  }, 
  {
    "pk": 3, 
    "model": "app.playerhistory", 
    "fields": {
      "event_thirds": 0, 
      "event_seconds": 0, 
      "race_seconds": 0, 
      "form": 0.0, 
      "rating": 1000, 
      "average": 0.0, 
      "event_firsts": 0, 
      "player": 2, 
      "points": 0, 
      "race_firsts": 0, 
      "race_thirds": 0, 
      "race_count": 0, 
      "event": 114, 
      "race_fourths": 0, 
      "event_fourths": 0
    }
  }, 
  {
    "pk": 4, 
    "model": "app.playerhistory", 
    "fields": {
      "event_thirds": 0, 
      "event_seconds": 0, 
      "race_seconds": 0, 
      "form": 0.0, 
      "rating": 1000, 
      "average": 0.0, 
      "event_firsts": 0, 
      "player": 6, 
      "points": 0, 
      "race_firsts": 0, 
      "race_thirds": 0, 
      "race_count": 0, 
      "event": 114, 
      "race_fourths": 0, 
      "event_fourths": 0
    }
  }, 
  {
    "pk": 137, 
    "model": "app.race", 
    "fields": {
      "track": 2, 
      "event": 137, 
      "order": 7
    }
  }, 
  {
    "pk": 136, 
    "model": "app.race", 
    "fields": {
      "track": 23, 
      "event": 137, 
      "order": 6
    }
  }, 
  {
    "pk": 135, 
    "model": "app.race", 
    "fields": {
      "track": 5, 
      "event": 137, 
      "order": 5
    }
  }, 
  {
    "pk": 134, 
    "model": "app.race", 
    "fields": {
      "track": 29, 
      "event": 137, 
      "order": 4
    }
  }, 
  {
    "pk": 133, 
    "model": "app.race", 
    "fields": {
      "track": 28, 
      "event": 137, 
      "order": 3
    }
  }, 
  {
    "pk": 132, 
    "model": "app.race", 
    "fields": {
      "track": 19, 
      "event": 137, 
      "order": 2
    }
  }, 
  {
    "pk": 131, 
    "model": "app.race", 
    "fields": {
      "track": 21, 
      "event": 137, 
      "order": 1
    }
  }, 
  {
    "pk": 130, 
    "model": "app.race", 
    "fields": {
      "track": 26, 
      "event": 137, 
      "order": 0
    }
  }, 
  {
    "pk": 129, 
    "model": "app.race", 
    "fields": {
      "track": 28, 
      "event": 136, 
      "order": 7
    }
  }, 
  {
    "pk": 128, 
    "model": "app.race", 
    "fields": {
      "track": 17, 
      "event": 136, 
      "order": 6
    }
  }, 
  {
    "pk": 127, 
    "model": "app.race", 
    "fields": {
      "track": 21, 
      "event": 136, 
      "order": 5
    }
  }, 
  {
    "pk": 126, 
    "model": "app.race", 
    "fields": {
      "track": 24, 
      "event": 136, 
      "order": 4
    }
  }, 
  {
    "pk": 125, 
    "model": "app.race", 
    "fields": {
      "track": 11, 
      "event": 136, 
      "order": 3
    }
  }, 
  {
    "pk": 124, 
    "model": "app.race", 
    "fields": {
      "track": 18, 
      "event": 136, 
      "order": 2
    }
  }, 
  {
    "pk": 123, 
    "model": "app.race", 
    "fields": {
      "track": 26, 
      "event": 136, 
      "order": 1
    }
  }, 
  {
    "pk": 122, 
    "model": "app.race", 
    "fields": {
      "track": 16, 
      "event": 136, 
      "order": 0
    }
  }, 
  {
    "pk": 121, 
    "model": "app.race", 
    "fields": {
      "track": 9, 
      "event": 135, 
      "order": 7
    }
  }, 
  {
    "pk": 120, 
    "model": "app.race", 
    "fields": {
      "track": 12, 
      "event": 135, 
      "order": 6
    }
  }, 
  {
    "pk": 119, 
    "model": "app.race", 
    "fields": {
      "track": 18, 
      "event": 135, 
      "order": 5
    }
  }, 
  {
    "pk": 118, 
    "model": "app.race", 
    "fields": {
      "track": 10, 
      "event": 135, 
      "order": 4
    }
  }, 
  {
    "pk": 117, 
    "model": "app.race", 
    "fields": {
      "track": 3, 
      "event": 135, 
      "order": 3
    }
  }, 
  {
    "pk": 116, 
    "model": "app.race", 
    "fields": {
      "track": 2, 
      "event": 135, 
      "order": 2
    }
  }, 
  {
    "pk": 115, 
    "model": "app.race", 
    "fields": {
      "track": 4, 
      "event": 135, 
      "order": 1
    }
  }, 
  {
    "pk": 114, 
    "model": "app.race", 
    "fields": {
      "track": 16, 
      "event": 135, 
      "order": 0
    }
  }, 
  {
    "pk": 113, 
    "model": "app.race", 
    "fields": {
      "track": 16, 
      "event": 132, 
      "order": 7
    }
  }, 
  {
    "pk": 112, 
    "model": "app.race", 
    "fields": {
      "track": 25, 
      "event": 132, 
      "order": 6
    }
  }, 
  {
    "pk": 111, 
    "model": "app.race", 
    "fields": {
      "track": 1, 
      "event": 132, 
      "order": 5
    }
  }, 
  {
    "pk": 110, 
    "model": "app.race", 
    "fields": {
      "track": 4, 
      "event": 132, 
      "order": 4
    }
  }, 
  {
    "pk": 109, 
    "model": "app.race", 
    "fields": {
      "track": 21, 
      "event": 132, 
      "order": 3
    }
  }, 
  {
    "pk": 108, 
    "model": "app.race", 
    "fields": {
      "track": 20, 
      "event": 132, 
      "order": 2
    }
  }, 
  {
    "pk": 107, 
    "model": "app.race", 
    "fields": {
      "track": 29, 
      "event": 132, 
      "order": 1
    }
  }, 
  {
    "pk": 106, 
    "model": "app.race", 
    "fields": {
      "track": 32, 
      "event": 132, 
      "order": 0
    }
  }, 
  {
    "pk": 105, 
    "model": "app.race", 
    "fields": {
      "track": 2, 
      "event": 129, 
      "order": 7
    }
  }, 
  {
    "pk": 104, 
    "model": "app.race", 
    "fields": {
      "track": 18, 
      "event": 129, 
      "order": 6
    }
  }, 
  {
    "pk": 103, 
    "model": "app.race", 
    "fields": {
      "track": 26, 
      "event": 129, 
      "order": 5
    }
  }, 
  {
    "pk": 102, 
    "model": "app.race", 
    "fields": {
      "track": 29, 
      "event": 129, 
      "order": 4
    }
  }, 
  {
    "pk": 101, 
    "model": "app.race", 
    "fields": {
      "track": 19, 
      "event": 129, 
      "order": 3
    }
  }, 
  {
    "pk": 100, 
    "model": "app.race", 
    "fields": {
      "track": 12, 
      "event": 129, 
      "order": 2
    }
  }, 
  {
    "pk": 99, 
    "model": "app.race", 
    "fields": {
      "track": 4, 
      "event": 129, 
      "order": 1
    }
  }, 
  {
    "pk": 98, 
    "model": "app.race", 
    "fields": {
      "track": 32, 
      "event": 129, 
      "order": 0
    }
  }, 
  {
    "pk": 97, 
    "model": "app.race", 
    "fields": {
      "track": 29, 
      "event": 128, 
      "order": 7
    }
  }, 
  {
    "pk": 96, 
    "model": "app.race", 
    "fields": {
      "track": 26, 
      "event": 128, 
      "order": 6
    }
  }, 
  {
    "pk": 95, 
    "model": "app.race", 
    "fields": {
      "track": 5, 
      "event": 128, 
      "order": 5
    }
  }, 
  {
    "pk": 94, 
    "model": "app.race", 
    "fields": {
      "track": 17, 
      "event": 128, 
      "order": 4
    }
  }, 
  {
    "pk": 93, 
    "model": "app.race", 
    "fields": {
      "track": 2, 
      "event": 128, 
      "order": 3
    }
  }, 
  {
    "pk": 92, 
    "model": "app.race", 
    "fields": {
      "track": 16, 
      "event": 128, 
      "order": 2
    }
  }, 
  {
    "pk": 91, 
    "model": "app.race", 
    "fields": {
      "track": 24, 
      "event": 128, 
      "order": 1
    }
  }, 
  {
    "pk": 90, 
    "model": "app.race", 
    "fields": {
      "track": 4, 
      "event": 128, 
      "order": 0
    }
  }, 
  {
    "pk": 89, 
    "model": "app.race", 
    "fields": {
      "track": 7, 
      "event": 127, 
      "order": 7
    }
  }, 
  {
    "pk": 88, 
    "model": "app.race", 
    "fields": {
      "track": 21, 
      "event": 127, 
      "order": 6
    }
  }, 
  {
    "pk": 87, 
    "model": "app.race", 
    "fields": {
      "track": 23, 
      "event": 127, 
      "order": 5
    }
  }, 
  {
    "pk": 86, 
    "model": "app.race", 
    "fields": {
      "track": 18, 
      "event": 127, 
      "order": 4
    }
  }, 
  {
    "pk": 85, 
    "model": "app.race", 
    "fields": {
      "track": 12, 
      "event": 127, 
      "order": 3
    }
  }, 
  {
    "pk": 84, 
    "model": "app.race", 
    "fields": {
      "track": 22, 
      "event": 127, 
      "order": 2
    }
  }, 
  {
    "pk": 83, 
    "model": "app.race", 
    "fields": {
      "track": 19, 
      "event": 127, 
      "order": 1
    }
  }, 
  {
    "pk": 82, 
    "model": "app.race", 
    "fields": {
      "track": 2, 
      "event": 127, 
      "order": 0
    }
  }, 
  {
    "pk": 81, 
    "model": "app.race", 
    "fields": {
      "track": 16, 
      "event": 126, 
      "order": 7
    }
  }, 
  {
    "pk": 80, 
    "model": "app.race", 
    "fields": {
      "track": 14, 
      "event": 126, 
      "order": 6
    }
  }, 
  {
    "pk": 79, 
    "model": "app.race", 
    "fields": {
      "track": 7, 
      "event": 126, 
      "order": 5
    }
  }, 
  {
    "pk": 78, 
    "model": "app.race", 
    "fields": {
      "track": 18, 
      "event": 126, 
      "order": 4
    }
  }, 
  {
    "pk": 77, 
    "model": "app.race", 
    "fields": {
      "track": 24, 
      "event": 126, 
      "order": 3
    }
  }, 
  {
    "pk": 76, 
    "model": "app.race", 
    "fields": {
      "track": 23, 
      "event": 126, 
      "order": 2
    }
  }, 
  {
    "pk": 75, 
    "model": "app.race", 
    "fields": {
      "track": 6, 
      "event": 126, 
      "order": 1
    }
  }, 
  {
    "pk": 74, 
    "model": "app.race", 
    "fields": {
      "track": 15, 
      "event": 126, 
      "order": 0
    }
  }, 
  {
    "pk": 73, 
    "model": "app.race", 
    "fields": {
      "track": 21, 
      "event": 125, 
      "order": 7
    }
  }, 
  {
    "pk": 72, 
    "model": "app.race", 
    "fields": {
      "track": 7, 
      "event": 125, 
      "order": 6
    }
  }, 
  {
    "pk": 71, 
    "model": "app.race", 
    "fields": {
      "track": 22, 
      "event": 125, 
      "order": 5
    }
  }, 
  {
    "pk": 70, 
    "model": "app.race", 
    "fields": {
      "track": 2, 
      "event": 125, 
      "order": 4
    }
  }, 
  {
    "pk": 69, 
    "model": "app.race", 
    "fields": {
      "track": 25, 
      "event": 125, 
      "order": 3
    }
  }, 
  {
    "pk": 68, 
    "model": "app.race", 
    "fields": {
      "track": 24, 
      "event": 125, 
      "order": 2
    }
  }, 
  {
    "pk": 67, 
    "model": "app.race", 
    "fields": {
      "track": 29, 
      "event": 125, 
      "order": 1
    }
  }, 
  {
    "pk": 66, 
    "model": "app.race", 
    "fields": {
      "track": 17, 
      "event": 125, 
      "order": 0
    }
  }, 
  {
    "pk": 65, 
    "model": "app.race", 
    "fields": {
      "track": 30, 
      "event": 123, 
      "order": 7
    }
  }, 
  {
    "pk": 64, 
    "model": "app.race", 
    "fields": {
      "track": 15, 
      "event": 123, 
      "order": 6
    }
  }, 
  {
    "pk": 63, 
    "model": "app.race", 
    "fields": {
      "track": 29, 
      "event": 123, 
      "order": 5
    }
  }, 
  {
    "pk": 62, 
    "model": "app.race", 
    "fields": {
      "track": 22, 
      "event": 123, 
      "order": 4
    }
  }, 
  {
    "pk": 61, 
    "model": "app.race", 
    "fields": {
      "track": 4, 
      "event": 123, 
      "order": 3
    }
  }, 
  {
    "pk": 60, 
    "model": "app.race", 
    "fields": {
      "track": 21, 
      "event": 123, 
      "order": 2
    }
  }, 
  {
    "pk": 59, 
    "model": "app.race", 
    "fields": {
      "track": 6, 
      "event": 123, 
      "order": 1
    }
  }, 
  {
    "pk": 58, 
    "model": "app.race", 
    "fields": {
      "track": 13, 
      "event": 123, 
      "order": 0
    }
  }, 
  {
    "pk": 57, 
    "model": "app.race", 
    "fields": {
      "track": 25, 
      "event": 122, 
      "order": 7
    }
  }, 
  {
    "pk": 56, 
    "model": "app.race", 
    "fields": {
      "track": 19, 
      "event": 122, 
      "order": 6
    }
  }, 
  {
    "pk": 55, 
    "model": "app.race", 
    "fields": {
      "track": 30, 
      "event": 122, 
      "order": 5
    }
  }, 
  {
    "pk": 54, 
    "model": "app.race", 
    "fields": {
      "track": 3, 
      "event": 122, 
      "order": 4
    }
  }, 
  {
    "pk": 53, 
    "model": "app.race", 
    "fields": {
      "track": 7, 
      "event": 122, 
      "order": 3
    }
  }, 
  {
    "pk": 52, 
    "model": "app.race", 
    "fields": {
      "track": 31, 
      "event": 122, 
      "order": 2
    }
  }, 
  {
    "pk": 51, 
    "model": "app.race", 
    "fields": {
      "track": 23, 
      "event": 122, 
      "order": 1
    }
  }, 
  {
    "pk": 50, 
    "model": "app.race", 
    "fields": {
      "track": 32, 
      "event": 122, 
      "order": 0
    }
  }, 
  {
    "pk": 49, 
    "model": "app.race", 
    "fields": {
      "track": 21, 
      "event": 121, 
      "order": 7
    }
  }, 
  {
    "pk": 48, 
    "model": "app.race", 
    "fields": {
      "track": 14, 
      "event": 121, 
      "order": 6
    }
  }, 
  {
    "pk": 47, 
    "model": "app.race", 
    "fields": {
      "track": 31, 
      "event": 121, 
      "order": 5
    }
  }, 
  {
    "pk": 46, 
    "model": "app.race", 
    "fields": {
      "track": 15, 
      "event": 121, 
      "order": 4
    }
  }, 
  {
    "pk": 45, 
    "model": "app.race", 
    "fields": {
      "track": 25, 
      "event": 121, 
      "order": 3
    }
  }, 
  {
    "pk": 44, 
    "model": "app.race", 
    "fields": {
      "track": 11, 
      "event": 121, 
      "order": 2
    }
  }, 
  {
    "pk": 43, 
    "model": "app.race", 
    "fields": {
      "track": 1, 
      "event": 121, 
      "order": 1
    }
  }, 
  {
    "pk": 42, 
    "model": "app.race", 
    "fields": {
      "track": 17, 
      "event": 121, 
      "order": 0
    }
  }, 
  {
    "pk": 41, 
    "model": "app.race", 
    "fields": {
      "track": 16, 
      "event": 120, 
      "order": 7
    }
  }, 
  {
    "pk": 40, 
    "model": "app.race", 
    "fields": {
      "track": 8, 
      "event": 120, 
      "order": 6
    }
  }, 
  {
    "pk": 39, 
    "model": "app.race", 
    "fields": {
      "track": 1, 
      "event": 120, 
      "order": 5
    }
  }, 
  {
    "pk": 38, 
    "model": "app.race", 
    "fields": {
      "track": 19, 
      "event": 120, 
      "order": 4
    }
  }, 
  {
    "pk": 37, 
    "model": "app.race", 
    "fields": {
      "track": 9, 
      "event": 120, 
      "order": 3
    }
  }, 
  {
    "pk": 36, 
    "model": "app.race", 
    "fields": {
      "track": 5, 
      "event": 120, 
      "order": 2
    }
  }, 
  {
    "pk": 35, 
    "model": "app.race", 
    "fields": {
      "track": 11, 
      "event": 120, 
      "order": 1
    }
  }, 
  {
    "pk": 34, 
    "model": "app.race", 
    "fields": {
      "track": 25, 
      "event": 120, 
      "order": 0
    }
  }, 
  {
    "pk": 33, 
    "model": "app.race", 
    "fields": {
      "track": 10, 
      "event": 119, 
      "order": 7
    }
  }, 
  {
    "pk": 32, 
    "model": "app.race", 
    "fields": {
      "track": 5, 
      "event": 119, 
      "order": 6
    }
  }, 
  {
    "pk": 31, 
    "model": "app.race", 
    "fields": {
      "track": 17, 
      "event": 119, 
      "order": 5
    }
  }, 
  {
    "pk": 30, 
    "model": "app.race", 
    "fields": {
      "track": 29, 
      "event": 119, 
      "order": 4
    }
  }, 
  {
    "pk": 29, 
    "model": "app.race", 
    "fields": {
      "track": 20, 
      "event": 119, 
      "order": 3
    }
  }, 
  {
    "pk": 28, 
    "model": "app.race", 
    "fields": {
      "track": 27, 
      "event": 119, 
      "order": 2
    }
  }, 
  {
    "pk": 27, 
    "model": "app.race", 
    "fields": {
      "track": 30, 
      "event": 119, 
      "order": 1
    }
  }, 
  {
    "pk": 26, 
    "model": "app.race", 
    "fields": {
      "track": 25, 
      "event": 119, 
      "order": 0
    }
  }, 
  {
    "pk": 24, 
    "model": "app.race", 
    "fields": {
      "track": 20, 
      "event": 117, 
      "order": 7
    }
  }, 
  {
    "pk": 23, 
    "model": "app.race", 
    "fields": {
      "track": 19, 
      "event": 117, 
      "order": 6
    }
  }, 
  {
    "pk": 22, 
    "model": "app.race", 
    "fields": {
      "track": 32, 
      "event": 117, 
      "order": 5
    }
  }, 
  {
    "pk": 21, 
    "model": "app.race", 
    "fields": {
      "track": 27, 
      "event": 117, 
      "order": 4
    }
  }, 
  {
    "pk": 20, 
    "model": "app.race", 
    "fields": {
      "track": 30, 
      "event": 117, 
      "order": 3
    }
  }, 
  {
    "pk": 19, 
    "model": "app.race", 
    "fields": {
      "track": 2, 
      "event": 117, 
      "order": 2
    }
  }, 
  {
    "pk": 18, 
    "model": "app.race", 
    "fields": {
      "track": 7, 
      "event": 117, 
      "order": 1
    }
  }, 
  {
    "pk": 17, 
    "model": "app.race", 
    "fields": {
      "track": 22, 
      "event": 117, 
      "order": 0
    }
  }, 
  {
    "pk": 16, 
    "model": "app.race", 
    "fields": {
      "track": 12, 
      "event": 116, 
      "order": 7
    }
  }, 
  {
    "pk": 15, 
    "model": "app.race", 
    "fields": {
      "track": 4, 
      "event": 116, 
      "order": 6
    }
  }, 
  {
    "pk": 14, 
    "model": "app.race", 
    "fields": {
      "track": 17, 
      "event": 116, 
      "order": 5
    }
  }, 
  {
    "pk": 13, 
    "model": "app.race", 
    "fields": {
      "track": 8, 
      "event": 116, 
      "order": 4
    }
  }, 
  {
    "pk": 12, 
    "model": "app.race", 
    "fields": {
      "track": 24, 
      "event": 116, 
      "order": 3
    }
  }, 
  {
    "pk": 11, 
    "model": "app.race", 
    "fields": {
      "track": 30, 
      "event": 116, 
      "order": 2
    }
  }, 
  {
    "pk": 10, 
    "model": "app.race", 
    "fields": {
      "track": 16, 
      "event": 116, 
      "order": 1
    }
  }, 
  {
    "pk": 9, 
    "model": "app.race", 
    "fields": {
      "track": 15, 
      "event": 116, 
      "order": 0
    }
  }, 
  {
    "pk": 8, 
    "model": "app.race", 
    "fields": {
      "track": 22, 
      "event": 115, 
      "order": 7
    }
  }, 
  {
    "pk": 7, 
    "model": "app.race", 
    "fields": {
      "track": 3, 
      "event": 115, 
      "order": 6
    }
  }, 
  {
    "pk": 6, 
    "model": "app.race", 
    "fields": {
      "track": 29, 
      "event": 115, 
      "order": 5
    }
  }, 
  {
    "pk": 5, 
    "model": "app.race", 
    "fields": {
      "track": 18, 
      "event": 115, 
      "order": 4
    }
  }, 
  {
    "pk": 4, 
    "model": "app.race", 
    "fields": {
      "track": 4, 
      "event": 115, 
      "order": 3
    }
  }, 
  {
    "pk": 3, 
    "model": "app.race", 
    "fields": {
      "track": 1, 
      "event": 115, 
      "order": 2
    }
  }, 
  {
    "pk": 2, 
    "model": "app.race", 
    "fields": {
      "track": 13, 
      "event": 115, 
      "order": 1
    }
  }, 
  {
    "pk": 1, 
    "model": "app.race", 
    "fields": {
      "track": 27, 
      "event": 115, 
      "order": 0
    }
  }
]